{
  "admin": {
    "username": "admin",
    "password": "f330831532b3a8af4ff3d308347c73c3",
    "loginToken": "d3cd35b2d0224b9a334f704bf342dd47",
    "logs": [
      {
        "time": "2024-08-17T14:26:46.824Z",
        "type": "INFO",
        "message": "09f31c50-8098-4221-9284-38b17fb72270 Connected"
      },
      {
        "time": "2024-08-17T14:26:46.904Z",
        "type": "INFO",
        "message": "09f31c50-8098-4221-9284-38b17fb72270 Notification Recieved"
      },
      {
        "time": "2024-08-17T14:26:47.050Z",
        "type": "INFO",
        "message": "09f31c50-8098-4221-9284-38b17fb72270 Notification Recieved"
      },
      {
        "time": "2024-08-17T14:26:47.055Z",
        "type": "INFO",
        "message": "09f31c50-8098-4221-9284-38b17fb72270 Notification Recieved"
      },
      {
        "time": "2024-08-17T14:27:21.090Z",
        "type": "INFO",
        "message": "665a2f65-8462-4f2a-9544-6b3f93af115c Connected"
      },
      {
        "time": "2024-08-17T14:27:33.373Z",
        "type": "INFO",
        "message": "Requested 0xMI From 09f31c50-8098-4221-9284-38b17fb72270"
      },
      {
        "time": "2024-08-17T14:27:33.476Z",
        "type": "INFO",
        "message": "09f31c50-8098-4221-9284-38b17fb72270 Disconnected"
      },
      {
        "time": "2024-08-17T14:27:45.902Z",
        "type": "INFO",
        "message": "665a2f65-8462-4f2a-9544-6b3f93af115c Disconnected"
      },
      {
        "time": "2024-08-17T14:30:37.099Z",
        "type": "INFO",
        "message": "aa515ee1-af3e-4fd5-ac82-4a01bbe48032 Connected"
      },
      {
        "time": "2024-08-17T14:30:55.173Z",
        "type": "INFO",
        "message": "Requested 0xMI From aa515ee1-af3e-4fd5-ac82-4a01bbe48032"
      },
      {
        "time": "2024-08-17T14:30:57.945Z",
        "type": "INFO",
        "message": "Recieving sound7365204725685486602.mp3 from aa515ee1-af3e-4fd5-ac82-4a01bbe48032"
      },
      {
        "time": "2024-08-17T14:31:01.824Z",
        "type": "INFO",
        "message": "aa515ee1-af3e-4fd5-ac82-4a01bbe48032 Disconnected"
      },
      {
        "time": "2024-08-17T14:32:49.634Z",
        "type": "INFO",
        "message": "414fe808-80d1-4947-8be2-36c255edde67 Connected"
      },
      {
        "time": "2024-08-17T14:32:57.018Z",
        "type": "INFO",
        "message": "Requested 0xCL From 414fe808-80d1-4947-8be2-36c255edde67"
      },
      {
        "time": "2024-08-17T14:33:12.482Z",
        "type": "INFO",
        "message": "Requested 0xIN From 414fe808-80d1-4947-8be2-36c255edde67"
      },
      {
        "time": "2024-08-17T14:33:14.490Z",
        "type": "INFO",
        "message": "414fe808-80d1-4947-8be2-36c255edde67 Disconnected"
      },
      {
        "time": "2024-08-17T14:34:55.154Z",
        "type": "INFO",
        "message": "6c637f81-3a3e-42e4-b94c-fe6041f78329 Connected"
      },
      {
        "time": "2024-08-17T14:35:09.432Z",
        "type": "INFO",
        "message": "Requested 0xFI From 6c637f81-3a3e-42e4-b94c-fe6041f78329"
      },
      {
        "time": "2024-08-17T14:35:09.567Z",
        "type": "SUCCESS",
        "message": "File List Updated"
      },
      {
        "time": "2024-08-17T14:35:15.433Z",
        "type": "INFO",
        "message": "Requested 0xFI From 6c637f81-3a3e-42e4-b94c-fe6041f78329"
      },
      {
        "time": "2024-08-17T14:35:15.809Z",
        "type": "SUCCESS",
        "message": "File List Updated"
      },
      {
        "time": "2024-08-17T14:35:20.034Z",
        "type": "INFO",
        "message": "6c637f81-3a3e-42e4-b94c-fe6041f78329 Disconnected"
      },
      {
        "time": "2024-08-17T14:37:47.264Z",
        "type": "INFO",
        "message": "a5011c5a-7aa2-4a59-8dec-17eb2ca1f205 Connected"
      },
      {
        "time": "2024-08-17T14:37:56.609Z",
        "type": "INFO",
        "message": "Requested 0xCO From a5011c5a-7aa2-4a59-8dec-17eb2ca1f205"
      },
      {
        "time": "2024-08-17T14:37:56.858Z",
        "type": "SUCCESS",
        "message": "a5011c5a-7aa2-4a59-8dec-17eb2ca1f205 Contacts Updated - 36 New Contacts Added"
      },
      {
        "time": "2024-08-17T14:38:01.019Z",
        "type": "INFO",
        "message": "Requested 0xCO From a5011c5a-7aa2-4a59-8dec-17eb2ca1f205"
      },
      {
        "time": "2024-08-17T14:38:01.126Z",
        "type": "SUCCESS",
        "message": "a5011c5a-7aa2-4a59-8dec-17eb2ca1f205 Contacts Updated - 0 New Contacts Added"
      },
      {
        "time": "2024-08-17T14:38:11.111Z",
        "type": "INFO",
        "message": "a5011c5a-7aa2-4a59-8dec-17eb2ca1f205 Disconnected"
      },
      {
        "time": "2024-08-17T14:39:36.592Z",
        "type": "INFO",
        "message": "f6d2efd7-60f6-4233-babd-e991d5b61d82 Connected"
      },
      {
        "time": "2024-08-17T14:39:48.785Z",
        "type": "INFO",
        "message": "Requested 0xLO From f6d2efd7-60f6-4233-babd-e991d5b61d82"
      },
      {
        "time": "2024-08-17T14:39:58.811Z",
        "type": "INFO",
        "message": "Requested 0xFI From f6d2efd7-60f6-4233-babd-e991d5b61d82"
      },
      {
        "time": "2024-08-17T14:39:58.924Z",
        "type": "SUCCESS",
        "message": "File List Updated"
      },
      {
        "time": "2024-08-17T14:40:04.628Z",
        "type": "INFO",
        "message": "Requested 0xFI From f6d2efd7-60f6-4233-babd-e991d5b61d82"
      },
      {
        "time": "2024-08-17T14:40:06.824Z",
        "type": "INFO",
        "message": "Requested 0xFI From f6d2efd7-60f6-4233-babd-e991d5b61d82"
      },
      {
        "time": "2024-08-17T14:40:06.906Z",
        "type": "SUCCESS",
        "message": "File List Updated"
      },
      {
        "time": "2024-08-17T14:40:10.906Z",
        "type": "INFO",
        "message": "Requested 0xFI From f6d2efd7-60f6-4233-babd-e991d5b61d82"
      },
      {
        "time": "2024-08-17T14:40:14.475Z",
        "type": "INFO",
        "message": "Requested 0xFI From f6d2efd7-60f6-4233-babd-e991d5b61d82"
      },
      {
        "time": "2024-08-17T14:40:14.620Z",
        "type": "SUCCESS",
        "message": "File List Updated"
      },
      {
        "time": "2024-08-17T14:40:20.167Z",
        "type": "INFO",
        "message": "Requested 0xFI From f6d2efd7-60f6-4233-babd-e991d5b61d82"
      },
      {
        "time": "2024-08-17T14:40:20.799Z",
        "type": "SUCCESS",
        "message": "File List Updated"
      },
      {
        "time": "2024-08-17T14:40:23.963Z",
        "type": "INFO",
        "message": "Requested 0xFI From f6d2efd7-60f6-4233-babd-e991d5b61d82"
      },
      {
        "time": "2024-08-17T14:40:24.119Z",
        "type": "INFO",
        "message": "f6d2efd7-60f6-4233-babd-e991d5b61d82 Disconnected"
      },
      {
        "time": "2024-08-17T14:40:25.294Z",
        "type": "INFO",
        "message": "f6d2efd7-60f6-4233-babd-e991d5b61d82 Connected"
      },
      {
        "time": "2024-08-17T14:40:28.866Z",
        "type": "INFO",
        "message": "Requested 0xFI From f6d2efd7-60f6-4233-babd-e991d5b61d82"
      },
      {
        "time": "2024-08-17T14:40:29.012Z",
        "type": "INFO",
        "message": "f6d2efd7-60f6-4233-babd-e991d5b61d82 Disconnected"
      },
      {
        "time": "2024-08-17T14:40:29.869Z",
        "type": "INFO",
        "message": "f6d2efd7-60f6-4233-babd-e991d5b61d82 Connected"
      },
      {
        "time": "2024-08-17T14:40:34.494Z",
        "type": "INFO",
        "message": "Requested 0xPM From f6d2efd7-60f6-4233-babd-e991d5b61d82"
      },
      {
        "time": "2024-08-17T14:40:34.611Z",
        "type": "SUCCESS",
        "message": "f6d2efd7-60f6-4233-babd-e991d5b61d82 Permissions Updated"
      },
      {
        "time": "2024-08-17T14:40:42.242Z",
        "type": "INFO",
        "message": "Requested 0xIN From f6d2efd7-60f6-4233-babd-e991d5b61d82"
      },
      {
        "time": "2024-08-17T14:40:46.132Z",
        "type": "SUCCESS",
        "message": "f6d2efd7-60f6-4233-babd-e991d5b61d82 Apps Updated"
      },
      {
        "time": "2024-08-17T14:40:47.023Z",
        "type": "INFO",
        "message": "Requested 0xWI From f6d2efd7-60f6-4233-babd-e991d5b61d82"
      },
      {
        "time": "2024-08-17T14:40:53.964Z",
        "type": "INFO",
        "message": "Requested 0xCO From f6d2efd7-60f6-4233-babd-e991d5b61d82"
      },
      {
        "time": "2024-08-17T14:40:54.402Z",
        "type": "SUCCESS",
        "message": "f6d2efd7-60f6-4233-babd-e991d5b61d82 Contacts Updated - 36 New Contacts Added"
      },
      {
        "time": "2024-08-17T14:41:05.503Z",
        "type": "INFO",
        "message": "Requested 0xMI From f6d2efd7-60f6-4233-babd-e991d5b61d82"
      },
      {
        "time": "2024-08-17T14:41:11.369Z",
        "type": "INFO",
        "message": "Recieving sound4882780675525648965.mp3 from f6d2efd7-60f6-4233-babd-e991d5b61d82"
      },
      {
        "time": "2024-08-17T14:41:18.443Z",
        "type": "INFO",
        "message": "Requested 0xMI From f6d2efd7-60f6-4233-babd-e991d5b61d82"
      },
      {
        "time": "2024-08-17T14:41:38.970Z",
        "type": "INFO",
        "message": "Recieving sound5347685872062278371.mp3 from f6d2efd7-60f6-4233-babd-e991d5b61d82"
      },
      {
        "time": "2024-08-17T14:41:58.827Z",
        "type": "INFO",
        "message": "Requested 0xSM From f6d2efd7-60f6-4233-babd-e991d5b61d82"
      },
      {
        "time": "2024-08-17T14:41:59.365Z",
        "type": "SUCCESS",
        "message": "f6d2efd7-60f6-4233-babd-e991d5b61d82 SMS List Updated - 0 New Messages"
      },
      {
        "time": "2024-08-17T14:42:22.752Z",
        "type": "INFO",
        "message": "Requested 0xSM From f6d2efd7-60f6-4233-babd-e991d5b61d82"
      },
      {
        "time": "2024-08-17T14:42:22.967Z",
        "type": "SUCCESS",
        "message": "f6d2efd7-60f6-4233-babd-e991d5b61d82 SMS List Updated - 0 New Messages"
      },
      {
        "time": "2024-08-17T14:42:25.017Z",
        "type": "INFO",
        "message": "Requested 0xSM From f6d2efd7-60f6-4233-babd-e991d5b61d82"
      },
      {
        "time": "2024-08-17T14:42:25.335Z",
        "type": "SUCCESS",
        "message": "f6d2efd7-60f6-4233-babd-e991d5b61d82 SMS List Updated - 0 New Messages"
      },
      {
        "time": "2024-08-17T14:42:27.082Z",
        "type": "INFO",
        "message": "Requested 0xSM From f6d2efd7-60f6-4233-babd-e991d5b61d82"
      },
      {
        "time": "2024-08-17T14:42:27.325Z",
        "type": "SUCCESS",
        "message": "f6d2efd7-60f6-4233-babd-e991d5b61d82 SMS List Updated - 0 New Messages"
      },
      {
        "time": "2024-08-17T14:42:36.584Z",
        "type": "INFO",
        "message": "Requested 0xSM From f6d2efd7-60f6-4233-babd-e991d5b61d82"
      },
      {
        "time": "2024-08-17T14:42:36.883Z",
        "type": "SUCCESS",
        "message": "f6d2efd7-60f6-4233-babd-e991d5b61d82 SMS List Updated - 0 New Messages"
      },
      {
        "time": "2024-08-17T14:42:41.736Z",
        "type": "INFO",
        "message": "Requested 0xSM From f6d2efd7-60f6-4233-babd-e991d5b61d82"
      },
      {
        "time": "2024-08-17T14:42:41.945Z",
        "type": "SUCCESS",
        "message": "f6d2efd7-60f6-4233-babd-e991d5b61d82 SMS List Updated - 0 New Messages"
      },
      {
        "time": "2024-08-17T14:43:11.875Z",
        "type": "INFO",
        "message": "Requested 0xSM From f6d2efd7-60f6-4233-babd-e991d5b61d82"
      },
      {
        "time": "2024-08-17T14:43:12.130Z",
        "type": "SUCCESS",
        "message": "f6d2efd7-60f6-4233-babd-e991d5b61d82 SMS List Updated - 0 New Messages"
      },
      {
        "time": "2024-08-17T14:43:17.932Z",
        "type": "INFO",
        "message": "Requested 0xSM From f6d2efd7-60f6-4233-babd-e991d5b61d82"
      },
      {
        "time": "2024-08-17T14:43:18.248Z",
        "type": "SUCCESS",
        "message": "f6d2efd7-60f6-4233-babd-e991d5b61d82 SMS List Updated - 0 New Messages"
      },
      {
        "time": "2024-08-17T14:43:27.492Z",
        "type": "INFO",
        "message": "Requested 0xSM From f6d2efd7-60f6-4233-babd-e991d5b61d82"
      },
      {
        "time": "2024-08-17T14:43:27.731Z",
        "type": "SUCCESS",
        "message": "f6d2efd7-60f6-4233-babd-e991d5b61d82 SMS List Updated - 0 New Messages"
      },
      {
        "time": "2024-08-17T14:43:48.931Z",
        "type": "INFO",
        "message": "Requested 0xSM From f6d2efd7-60f6-4233-babd-e991d5b61d82"
      },
      {
        "time": "2024-08-17T14:43:49.275Z",
        "type": "SUCCESS",
        "message": "f6d2efd7-60f6-4233-babd-e991d5b61d82 SMS List Updated - 0 New Messages"
      },
      {
        "time": "2024-08-17T14:43:58.071Z",
        "type": "INFO",
        "message": "Requested 0xCL From f6d2efd7-60f6-4233-babd-e991d5b61d82"
      },
      {
        "time": "2024-08-17T14:44:01.691Z",
        "type": "INFO",
        "message": "Requested 0xCO From f6d2efd7-60f6-4233-babd-e991d5b61d82"
      },
      {
        "time": "2024-08-17T14:44:01.808Z",
        "type": "SUCCESS",
        "message": "f6d2efd7-60f6-4233-babd-e991d5b61d82 Contacts Updated - 0 New Contacts Added"
      },
      {
        "time": "2024-08-17T14:44:13.937Z",
        "type": "INFO",
        "message": "Requested 0xMI From f6d2efd7-60f6-4233-babd-e991d5b61d82"
      },
      {
        "time": "2024-08-17T14:44:17.393Z",
        "type": "INFO",
        "message": "Recieving sound6132198026910824835.mp3 from f6d2efd7-60f6-4233-babd-e991d5b61d82"
      },
      {
        "time": "2024-08-17T14:46:26.617Z",
        "type": "INFO",
        "message": "Requested 0xWI From f6d2efd7-60f6-4233-babd-e991d5b61d82"
      },
      {
        "time": "2024-08-17T14:46:39.325Z",
        "type": "INFO",
        "message": "Requested 0xSM From f6d2efd7-60f6-4233-babd-e991d5b61d82"
      },
      {
        "time": "2024-08-17T14:46:39.473Z",
        "type": "SUCCESS",
        "message": "f6d2efd7-60f6-4233-babd-e991d5b61d82 SENT SMS"
      },
      {
        "time": "2024-08-17T14:47:21.822Z",
        "type": "INFO",
        "message": "Requested 0xSM From f6d2efd7-60f6-4233-babd-e991d5b61d82"
      },
      {
        "time": "2024-08-17T14:47:21.913Z",
        "type": "SUCCESS",
        "message": "f6d2efd7-60f6-4233-babd-e991d5b61d82 SENT SMS"
      },
      {
        "time": "2024-08-17T14:47:39.940Z",
        "type": "INFO",
        "message": "Requested 0xSM From f6d2efd7-60f6-4233-babd-e991d5b61d82"
      },
      {
        "time": "2024-08-17T14:47:40.037Z",
        "type": "SUCCESS",
        "message": "f6d2efd7-60f6-4233-babd-e991d5b61d82 SENT SMS"
      },
      {
        "time": "2024-08-17T14:47:52.689Z",
        "type": "INFO",
        "message": "Requested 0xSM From f6d2efd7-60f6-4233-babd-e991d5b61d82"
      },
      {
        "time": "2024-08-17T14:47:53.228Z",
        "type": "SUCCESS",
        "message": "f6d2efd7-60f6-4233-babd-e991d5b61d82 SMS List Updated - 0 New Messages"
      },
      {
        "time": "2024-08-17T14:50:48.216Z",
        "type": "INFO",
        "message": "f6d2efd7-60f6-4233-babd-e991d5b61d82 Connected"
      },
      {
        "time": "2024-08-17T14:55:26.854Z",
        "type": "INFO",
        "message": "f6d2efd7-60f6-4233-babd-e991d5b61d82 Connected"
      },
      {
        "time": "2024-08-17T15:07:25.321Z",
        "type": "INFO",
        "message": "f6d2efd7-60f6-4233-babd-e991d5b61d82 Connected"
      },
      {
        "time": "2024-08-17T15:20:56.312Z",
        "type": "INFO",
        "message": "Requested 0xMI From f6d2efd7-60f6-4233-babd-e991d5b61d82"
      },
      {
        "time": "2024-08-17T15:21:01.884Z",
        "type": "INFO",
        "message": "Recieving sound2472404275616958018.mp3 from f6d2efd7-60f6-4233-babd-e991d5b61d82"
      },
      {
        "time": "2024-08-17T15:21:20.387Z",
        "type": "INFO",
        "message": "Requested 0xCL From f6d2efd7-60f6-4233-babd-e991d5b61d82"
      },
      {
        "time": "2024-08-17T15:21:31.480Z",
        "type": "INFO",
        "message": "Requested 0xWI From f6d2efd7-60f6-4233-babd-e991d5b61d82"
      },
      {
        "time": "2024-08-17T15:21:37.195Z",
        "type": "INFO",
        "message": "Requested 0xIN From f6d2efd7-60f6-4233-babd-e991d5b61d82"
      },
      {
        "time": "2024-08-17T15:21:38.043Z",
        "type": "SUCCESS",
        "message": "f6d2efd7-60f6-4233-babd-e991d5b61d82 Apps Updated"
      },
      {
        "time": "2024-08-17T15:21:54.158Z",
        "type": "INFO",
        "message": "Requested 0xFI From f6d2efd7-60f6-4233-babd-e991d5b61d82"
      },
      {
        "time": "2024-08-17T15:21:54.292Z",
        "type": "INFO",
        "message": "f6d2efd7-60f6-4233-babd-e991d5b61d82 Disconnected"
      },
      {
        "time": "2024-08-17T15:21:55.859Z",
        "type": "INFO",
        "message": "f6d2efd7-60f6-4233-babd-e991d5b61d82 Connected"
      },
      {
        "time": "2024-08-17T15:22:08.960Z",
        "type": "INFO",
        "message": "Requested 0xFI From f6d2efd7-60f6-4233-babd-e991d5b61d82"
      },
      {
        "time": "2024-08-17T15:22:09.082Z",
        "type": "INFO",
        "message": "Recieving File Fromf6d2efd7-60f6-4233-babd-e991d5b61d82"
      },
      {
        "time": "2024-08-17T15:22:09.085Z",
        "type": "SUCCESS",
        "message": "File Fromf6d2efd7-60f6-4233-babd-e991d5b61d82 Saved"
      },
      {
        "time": "2024-08-17T15:22:27.990Z",
        "type": "INFO",
        "message": "Requested 0xSM From f6d2efd7-60f6-4233-babd-e991d5b61d82"
      },
      {
        "time": "2024-08-17T15:22:28.248Z",
        "type": "SUCCESS",
        "message": "f6d2efd7-60f6-4233-babd-e991d5b61d82 SMS List Updated - 0 New Messages"
      },
      {
        "time": "2024-08-17T15:31:16.079Z",
        "type": "INFO",
        "message": "Requested 0xSM From f6d2efd7-60f6-4233-babd-e991d5b61d82"
      },
      {
        "time": "2024-08-17T15:31:16.565Z",
        "type": "SUCCESS",
        "message": "f6d2efd7-60f6-4233-babd-e991d5b61d82 SMS List Updated - 0 New Messages"
      },
      {
        "time": "2024-08-17T15:43:32.573Z",
        "type": "INFO",
        "message": "Requested 0xSM From f6d2efd7-60f6-4233-babd-e991d5b61d82"
      },
      {
        "time": "2024-08-17T15:43:32.872Z",
        "type": "SUCCESS",
        "message": "f6d2efd7-60f6-4233-babd-e991d5b61d82 SMS List Updated - 0 New Messages"
      },
      {
        "time": "2024-08-17T15:44:35.187Z",
        "type": "INFO",
        "message": "Requested 0xSM From f6d2efd7-60f6-4233-babd-e991d5b61d82"
      },
      {
        "time": "2024-08-17T15:44:35.589Z",
        "type": "SUCCESS",
        "message": "f6d2efd7-60f6-4233-babd-e991d5b61d82 SMS List Updated - 0 New Messages"
      },
      {
        "time": "2024-08-17T15:49:58.352Z",
        "type": "INFO",
        "message": "f6d2efd7-60f6-4233-babd-e991d5b61d82 POLL COMMAND - GPS"
      },
      {
        "time": "2024-08-17T15:49:58.353Z",
        "type": "INFO",
        "message": "Requested 0xLO From f6d2efd7-60f6-4233-babd-e991d5b61d82"
      },
      {
        "time": "2024-08-17T15:50:48.353Z",
        "type": "INFO",
        "message": "f6d2efd7-60f6-4233-babd-e991d5b61d82 POLL COMMAND - GPS"
      },
      {
        "time": "2024-08-17T15:50:48.357Z",
        "type": "INFO",
        "message": "Requested 0xLO From f6d2efd7-60f6-4233-babd-e991d5b61d82"
      },
      {
        "time": "2024-08-17T15:51:38.353Z",
        "type": "INFO",
        "message": "f6d2efd7-60f6-4233-babd-e991d5b61d82 POLL COMMAND - GPS"
      },
      {
        "time": "2024-08-17T15:51:38.354Z",
        "type": "INFO",
        "message": "Requested 0xLO From f6d2efd7-60f6-4233-babd-e991d5b61d82"
      },
      {
        "time": "2024-08-17T15:52:28.357Z",
        "type": "INFO",
        "message": "f6d2efd7-60f6-4233-babd-e991d5b61d82 POLL COMMAND - GPS"
      },
      {
        "time": "2024-08-17T15:52:28.358Z",
        "type": "INFO",
        "message": "Requested 0xLO From f6d2efd7-60f6-4233-babd-e991d5b61d82"
      },
      {
        "time": "2024-08-17T15:53:18.357Z",
        "type": "INFO",
        "message": "f6d2efd7-60f6-4233-babd-e991d5b61d82 POLL COMMAND - GPS"
      },
      {
        "time": "2024-08-17T15:53:18.358Z",
        "type": "INFO",
        "message": "Requested 0xLO From f6d2efd7-60f6-4233-babd-e991d5b61d82"
      },
      {
        "time": "2024-08-17T15:54:08.372Z",
        "type": "INFO",
        "message": "f6d2efd7-60f6-4233-babd-e991d5b61d82 POLL COMMAND - GPS"
      },
      {
        "time": "2024-08-17T15:54:08.373Z",
        "type": "INFO",
        "message": "Requested 0xLO From f6d2efd7-60f6-4233-babd-e991d5b61d82"
      },
      {
        "time": "2024-08-17T15:54:58.377Z",
        "type": "INFO",
        "message": "f6d2efd7-60f6-4233-babd-e991d5b61d82 POLL COMMAND - GPS"
      },
      {
        "time": "2024-08-17T15:54:58.378Z",
        "type": "INFO",
        "message": "Requested 0xLO From f6d2efd7-60f6-4233-babd-e991d5b61d82"
      },
      {
        "time": "2024-08-17T15:55:48.380Z",
        "type": "INFO",
        "message": "f6d2efd7-60f6-4233-babd-e991d5b61d82 POLL COMMAND - GPS"
      },
      {
        "time": "2024-08-17T15:55:48.382Z",
        "type": "INFO",
        "message": "Requested 0xLO From f6d2efd7-60f6-4233-babd-e991d5b61d82"
      },
      {
        "time": "2024-08-17T15:56:14.730Z",
        "type": "INFO",
        "message": "Requested 0xFI From f6d2efd7-60f6-4233-babd-e991d5b61d82"
      },
      {
        "time": "2024-08-17T15:56:14.879Z",
        "type": "INFO",
        "message": "f6d2efd7-60f6-4233-babd-e991d5b61d82 Disconnected"
      },
      {
        "time": "2024-08-17T15:56:16.285Z",
        "type": "INFO",
        "message": "f6d2efd7-60f6-4233-babd-e991d5b61d82 Connected"
      },
      {
        "time": "2024-08-17T15:57:06.299Z",
        "type": "INFO",
        "message": "f6d2efd7-60f6-4233-babd-e991d5b61d82 POLL COMMAND - GPS"
      },
      {
        "time": "2024-08-17T15:57:06.300Z",
        "type": "INFO",
        "message": "Requested 0xLO From f6d2efd7-60f6-4233-babd-e991d5b61d82"
      },
      {
        "time": "2024-08-17T15:57:56.301Z",
        "type": "INFO",
        "message": "f6d2efd7-60f6-4233-babd-e991d5b61d82 POLL COMMAND - GPS"
      },
      {
        "time": "2024-08-17T15:57:56.304Z",
        "type": "INFO",
        "message": "Requested 0xLO From f6d2efd7-60f6-4233-babd-e991d5b61d82"
      },
      {
        "time": "2024-08-17T15:58:46.323Z",
        "type": "INFO",
        "message": "f6d2efd7-60f6-4233-babd-e991d5b61d82 POLL COMMAND - GPS"
      },
      {
        "time": "2024-08-17T15:58:46.325Z",
        "type": "INFO",
        "message": "Requested 0xLO From f6d2efd7-60f6-4233-babd-e991d5b61d82"
      },
      {
        "time": "2024-08-17T15:59:36.333Z",
        "type": "INFO",
        "message": "f6d2efd7-60f6-4233-babd-e991d5b61d82 POLL COMMAND - GPS"
      },
      {
        "time": "2024-08-17T15:59:36.335Z",
        "type": "INFO",
        "message": "Requested 0xLO From f6d2efd7-60f6-4233-babd-e991d5b61d82"
      },
      {
        "time": "2024-08-17T16:00:26.336Z",
        "type": "INFO",
        "message": "f6d2efd7-60f6-4233-babd-e991d5b61d82 POLL COMMAND - GPS"
      },
      {
        "time": "2024-08-17T16:00:26.337Z",
        "type": "INFO",
        "message": "Requested 0xLO From f6d2efd7-60f6-4233-babd-e991d5b61d82"
      },
      {
        "time": "2024-08-17T16:01:16.336Z",
        "type": "INFO",
        "message": "f6d2efd7-60f6-4233-babd-e991d5b61d82 POLL COMMAND - GPS"
      },
      {
        "time": "2024-08-17T16:01:16.338Z",
        "type": "INFO",
        "message": "Requested 0xLO From f6d2efd7-60f6-4233-babd-e991d5b61d82"
      },
      {
        "time": "2024-08-17T16:02:06.349Z",
        "type": "INFO",
        "message": "f6d2efd7-60f6-4233-babd-e991d5b61d82 POLL COMMAND - GPS"
      },
      {
        "time": "2024-08-17T16:02:06.350Z",
        "type": "INFO",
        "message": "Requested 0xLO From f6d2efd7-60f6-4233-babd-e991d5b61d82"
      },
      {
        "time": "2024-08-17T16:02:56.352Z",
        "type": "INFO",
        "message": "f6d2efd7-60f6-4233-babd-e991d5b61d82 POLL COMMAND - GPS"
      },
      {
        "time": "2024-08-17T16:02:56.353Z",
        "type": "INFO",
        "message": "Requested 0xLO From f6d2efd7-60f6-4233-babd-e991d5b61d82"
      },
      {
        "time": "2024-08-17T16:03:46.363Z",
        "type": "INFO",
        "message": "f6d2efd7-60f6-4233-babd-e991d5b61d82 POLL COMMAND - GPS"
      },
      {
        "time": "2024-08-17T16:03:46.365Z",
        "type": "INFO",
        "message": "Requested 0xLO From f6d2efd7-60f6-4233-babd-e991d5b61d82"
      },
      {
        "time": "2024-08-17T16:04:36.375Z",
        "type": "INFO",
        "message": "f6d2efd7-60f6-4233-babd-e991d5b61d82 POLL COMMAND - GPS"
      },
      {
        "time": "2024-08-17T16:04:36.377Z",
        "type": "INFO",
        "message": "Requested 0xLO From f6d2efd7-60f6-4233-babd-e991d5b61d82"
      },
      {
        "time": "2024-08-17T16:05:26.377Z",
        "type": "INFO",
        "message": "f6d2efd7-60f6-4233-babd-e991d5b61d82 POLL COMMAND - GPS"
      },
      {
        "time": "2024-08-17T16:05:26.378Z",
        "type": "INFO",
        "message": "Requested 0xLO From f6d2efd7-60f6-4233-babd-e991d5b61d82"
      },
      {
        "time": "2024-08-17T16:06:13.737Z",
        "type": "INFO",
        "message": "f6d2efd7-60f6-4233-babd-e991d5b61d82 Disconnected"
      },
      {
        "time": "2024-08-17T16:06:16.304Z",
        "type": "INFO",
        "message": "f6d2efd7-60f6-4233-babd-e991d5b61d82 Connected"
      },
      {
        "time": "2024-08-17T16:06:42.335Z",
        "type": "INFO",
        "message": "f6d2efd7-60f6-4233-babd-e991d5b61d82 Connected"
      },
      {
        "time": "2024-08-17T16:07:32.345Z",
        "type": "INFO",
        "message": "f6d2efd7-60f6-4233-babd-e991d5b61d82 POLL COMMAND - GPS"
      },
      {
        "time": "2024-08-17T16:07:32.346Z",
        "type": "INFO",
        "message": "Requested 0xLO From f6d2efd7-60f6-4233-babd-e991d5b61d82"
      },
      {
        "time": "2024-08-17T16:08:22.349Z",
        "type": "INFO",
        "message": "f6d2efd7-60f6-4233-babd-e991d5b61d82 POLL COMMAND - GPS"
      },
      {
        "time": "2024-08-17T16:08:22.350Z",
        "type": "INFO",
        "message": "Requested 0xLO From f6d2efd7-60f6-4233-babd-e991d5b61d82"
      },
      {
        "time": "2024-08-17T16:09:12.365Z",
        "type": "INFO",
        "message": "f6d2efd7-60f6-4233-babd-e991d5b61d82 POLL COMMAND - GPS"
      },
      {
        "time": "2024-08-17T16:09:12.366Z",
        "type": "INFO",
        "message": "Requested 0xLO From f6d2efd7-60f6-4233-babd-e991d5b61d82"
      },
      {
        "time": "2024-08-17T16:10:02.373Z",
        "type": "INFO",
        "message": "f6d2efd7-60f6-4233-babd-e991d5b61d82 POLL COMMAND - GPS"
      },
      {
        "time": "2024-08-17T16:10:02.374Z",
        "type": "INFO",
        "message": "Requested 0xLO From f6d2efd7-60f6-4233-babd-e991d5b61d82"
      },
      {
        "time": "2024-08-17T16:10:52.374Z",
        "type": "INFO",
        "message": "f6d2efd7-60f6-4233-babd-e991d5b61d82 POLL COMMAND - GPS"
      },
      {
        "time": "2024-08-17T16:10:52.376Z",
        "type": "INFO",
        "message": "Requested 0xLO From f6d2efd7-60f6-4233-babd-e991d5b61d82"
      },
      {
        "time": "2024-08-17T16:10:56.575Z",
        "type": "INFO",
        "message": "Requested 0xCL From f6d2efd7-60f6-4233-babd-e991d5b61d82"
      },
      {
        "time": "2024-08-17T16:11:42.389Z",
        "type": "INFO",
        "message": "f6d2efd7-60f6-4233-babd-e991d5b61d82 POLL COMMAND - GPS"
      },
      {
        "time": "2024-08-17T16:11:42.390Z",
        "type": "INFO",
        "message": "Requested 0xLO From f6d2efd7-60f6-4233-babd-e991d5b61d82"
      },
      {
        "time": "2024-08-17T16:12:32.397Z",
        "type": "INFO",
        "message": "f6d2efd7-60f6-4233-babd-e991d5b61d82 POLL COMMAND - GPS"
      },
      {
        "time": "2024-08-17T16:12:32.398Z",
        "type": "INFO",
        "message": "Requested 0xLO From f6d2efd7-60f6-4233-babd-e991d5b61d82"
      },
      {
        "time": "2024-08-17T16:13:22.397Z",
        "type": "INFO",
        "message": "f6d2efd7-60f6-4233-babd-e991d5b61d82 POLL COMMAND - GPS"
      },
      {
        "time": "2024-08-17T16:13:22.399Z",
        "type": "INFO",
        "message": "Requested 0xLO From f6d2efd7-60f6-4233-babd-e991d5b61d82"
      },
      {
        "time": "2024-08-17T16:14:12.413Z",
        "type": "INFO",
        "message": "f6d2efd7-60f6-4233-babd-e991d5b61d82 POLL COMMAND - GPS"
      },
      {
        "time": "2024-08-17T16:14:12.414Z",
        "type": "INFO",
        "message": "Requested 0xLO From f6d2efd7-60f6-4233-babd-e991d5b61d82"
      },
      {
        "time": "2024-08-17T16:15:02.421Z",
        "type": "INFO",
        "message": "f6d2efd7-60f6-4233-babd-e991d5b61d82 POLL COMMAND - GPS"
      },
      {
        "time": "2024-08-17T16:15:02.425Z",
        "type": "INFO",
        "message": "Requested 0xLO From f6d2efd7-60f6-4233-babd-e991d5b61d82"
      },
      {
        "time": "2024-08-17T16:15:52.437Z",
        "type": "INFO",
        "message": "f6d2efd7-60f6-4233-babd-e991d5b61d82 POLL COMMAND - GPS"
      },
      {
        "time": "2024-08-17T16:15:52.438Z",
        "type": "INFO",
        "message": "Requested 0xLO From f6d2efd7-60f6-4233-babd-e991d5b61d82"
      },
      {
        "time": "2024-08-17T16:16:42.453Z",
        "type": "INFO",
        "message": "f6d2efd7-60f6-4233-babd-e991d5b61d82 POLL COMMAND - GPS"
      },
      {
        "time": "2024-08-17T16:16:42.454Z",
        "type": "INFO",
        "message": "Requested 0xLO From f6d2efd7-60f6-4233-babd-e991d5b61d82"
      },
      {
        "time": "2024-08-17T16:17:19.346Z",
        "type": "INFO",
        "message": "Requested 0xWI From f6d2efd7-60f6-4233-babd-e991d5b61d82"
      },
      {
        "time": "2024-08-17T16:17:32.457Z",
        "type": "INFO",
        "message": "f6d2efd7-60f6-4233-babd-e991d5b61d82 POLL COMMAND - GPS"
      },
      {
        "time": "2024-08-17T16:17:32.459Z",
        "type": "INFO",
        "message": "Requested 0xLO From f6d2efd7-60f6-4233-babd-e991d5b61d82"
      },
      {
        "time": "2024-08-17T16:18:22.473Z",
        "type": "INFO",
        "message": "f6d2efd7-60f6-4233-babd-e991d5b61d82 POLL COMMAND - GPS"
      },
      {
        "time": "2024-08-17T16:18:22.474Z",
        "type": "INFO",
        "message": "Requested 0xLO From f6d2efd7-60f6-4233-babd-e991d5b61d82"
      }
    ],
    "ipLog": []
  },
  "clients": [
    {
      "clientID": "09f31c50-8098-4221-9284-38b17fb72270",
      "firstSeen": "2024-08-17T14:26:46.763Z",
      "lastSeen": "2024-08-17T14:27:33.552Z",
      "isOnline": false,
      "dynamicData": {
        "clientIP": "0.0.0.0",
        "clientGeo": {},
        "device": {
          "model": "1000Infinix X6837",
          "manufacture": "INFINIX",
          "version": "13"
        }
      }
    },
    {
      "clientID": "665a2f65-8462-4f2a-9544-6b3f93af115c",
      "firstSeen": "2024-08-17T14:27:21.063Z",
      "lastSeen": "2024-08-17T14:27:45.903Z",
      "isOnline": false,
      "dynamicData": {
        "clientIP": "0.0.0.0",
        "clientGeo": {},
        "device": {
          "model": "1000Infinix X6837",
          "manufacture": "INFINIX",
          "version": "13"
        }
      }
    },
    {
      "clientID": "aa515ee1-af3e-4fd5-ac82-4a01bbe48032",
      "firstSeen": "2024-08-17T14:30:36.986Z",
      "lastSeen": "2024-08-17T14:31:01.825Z",
      "isOnline": false,
      "dynamicData": {
        "clientIP": "0.0.0.0",
        "clientGeo": {},
        "device": {
          "model": "1000Infinix X6837",
          "manufacture": "INFINIX",
          "version": "13"
        }
      }
    },
    {
      "clientID": "414fe808-80d1-4947-8be2-36c255edde67",
      "firstSeen": "2024-08-17T14:32:49.569Z",
      "lastSeen": "2024-08-17T14:33:14.491Z",
      "isOnline": false,
      "dynamicData": {
        "clientIP": "0.0.0.0",
        "clientGeo": {},
        "device": {
          "model": "1000Infinix X6837",
          "manufacture": "INFINIX",
          "version": "13"
        }
      }
    },
    {
      "clientID": "6c637f81-3a3e-42e4-b94c-fe6041f78329",
      "firstSeen": "2024-08-17T14:34:55.077Z",
      "lastSeen": "2024-08-17T14:35:20.036Z",
      "isOnline": false,
      "dynamicData": {
        "clientIP": "0.0.0.0",
        "clientGeo": {},
        "device": {
          "model": "1000Infinix X6837",
          "manufacture": "INFINIX",
          "version": "13"
        }
      }
    },
    {
      "clientID": "a5011c5a-7aa2-4a59-8dec-17eb2ca1f205",
      "firstSeen": "2024-08-17T14:37:47.211Z",
      "lastSeen": "2024-08-17T14:38:11.113Z",
      "isOnline": false,
      "dynamicData": {
        "clientIP": "0.0.0.0",
        "clientGeo": {},
        "device": {
          "model": "1000Infinix X6837",
          "manufacture": "INFINIX",
          "version": "13"
        }
      }
    },
    {
      "clientID": "f6d2efd7-60f6-4233-babd-e991d5b61d82",
      "firstSeen": "2024-08-17T14:39:36.461Z",
      "lastSeen": "2024-08-17T16:06:42.334Z",
      "isOnline": true,
      "dynamicData": {
        "clientIP": "0.0.0.0",
        "clientGeo": {},
        "device": {
          "model": "1000Infinix X6837",
          "manufacture": "INFINIX",
          "version": "13"
        }
      }
    }
  ]
}