{
  "clientID": "6c637f81-3a3e-42e4-b94c-fe6041f78329",
  "CommandQue": [
    {
      "type": "0xPM",
      "uid": 7230
    }
  ],
  "SMSData": [],
  "CallData": [],
  "contacts": [],
  "wifiNow": [],
  "wifiLog": [],
  "clipboardLog": [],
  "notificationLog": [],
  "enabledPermissions": [],
  "apps": [],
  "GPSData": [],
  "GPSSettings": {
    "updateFrequency": 0
  },
  "downloads": [],
  "currentFolder": [
    {
      "name": "../",
      "isDir": true,
      "path": "/storage/emulated/0"
    },
    {
      "name": "VishaPlayer",
      "isDir": true,
      "path": "/storage/emulated/0/Download/VishaPlayer"
    },
    {
      "name": "60dd93ba-2165-47e2-a602-d365b20d4288.jpeg",
      "isDir": false,
      "path": "/storage/emulated/0/Download/60dd93ba-2165-47e2-a602-d365b20d4288.jpeg"
    },
    {
      "name": "Shikimori Micchon 🥀.jpeg",
      "isDir": false,
      "path": "/storage/emulated/0/Download/Shikimori Micchon 🥀.jpeg"
    },
    {
      "name": "SC Work wa X Spy.zip",
      "isDir": false,
      "path": "/storage/emulated/0/Download/SC Work wa X Spy.zip"
    },
    {
      "name": "Satoru.jpeg",
      "isDir": false,
      "path": "/storage/emulated/0/Download/Satoru.jpeg"
    },
    {
      "name": "Rv slime.jpeg",
      "isDir": false,
      "path": "/storage/emulated/0/Download/Rv slime.jpeg"
    },
    {
      "name": "Telegram",
      "isDir": true,
      "path": "/storage/emulated/0/Download/Telegram"
    },
    {
      "name": "⌜⟳⌟ 𝐖𝐀𝐋𝐋𝐏𝐀𝐏𝐄𝐑.jpeg",
      "isDir": false,
      "path": "/storage/emulated/0/Download/⌜⟳⌟ 𝐖𝐀𝐋𝐋𝐏𝐀𝐏𝐄𝐑.jpeg"
    },
    {
      "name": "Panel Sadap",
      "isDir": true,
      "path": "/storage/emulated/0/Download/Panel Sadap"
    },
    {
      "name": "PUSH KONTAK BY NAZZNESIA  V3.zip",
      "isDir": false,
      "path": "/storage/emulated/0/Download/PUSH KONTAK BY NAZZNESIA  V3.zip"
    },
    {
      "name": "Firebase console",
      "isDir": false,
      "path": "/storage/emulated/0/Download/Firebase console"
    },
    {
      "name": "nada-notifikasi-dana-www.tiengdong.com.mp3",
      "isDir": false,
      "path": "/storage/emulated/0/Download/nada-notifikasi-dana-www.tiengdong.com.mp3"
    },
    {
      "name": "SC Reseller Apk.zip",
      "isDir": false,
      "path": "/storage/emulated/0/Download/SC Reseller Apk.zip"
    },
    {
      "name": "shopsadap.apk",
      "isDir": false,
      "path": "/storage/emulated/0/Download/shopsadap.apk"
    },
    {
      "name": "bot",
      "isDir": true,
      "path": "/storage/emulated/0/Download/bot"
    },
    {
      "name": "235f012d-97f5-438b-80ee-4020213d76e6.jpeg",
      "isDir": false,
      "path": "/storage/emulated/0/Download/235f012d-97f5-438b-80ee-4020213d76e6.jpeg"
    },
    {
      "name": "waxspy1-2-firebase-adminsdk-7orho-1e77deb189.json",
      "isDir": false,
      "path": "/storage/emulated/0/Download/waxspy1-2-firebase-adminsdk-7orho-1e77deb189.json"
    },
    {
      "name": "waxspy1-2-firebase-adminsdk-7orho-fe05bfd039.json",
      "isDir": false,
      "path": "/storage/emulated/0/Download/waxspy1-2-firebase-adminsdk-7orho-fe05bfd039.json"
    },
    {
      "name": "google-services.json",
      "isDir": false,
      "path": "/storage/emulated/0/Download/google-services.json"
    },
    {
      "name": "google-services (1).json",
      "isDir": false,
      "path": "/storage/emulated/0/Download/google-services (1).json"
    },
    {
      "name": "Venom-2-main.zip",
      "isDir": false,
      "path": "/storage/emulated/0/Download/Venom-2-main.zip"
    },
    {
      "name": "Wifi Device_2.2.1.apk.bak",
      "isDir": false,
      "path": "/storage/emulated/0/Download/Wifi Device_2.2.1.apk.bak"
    },
    {
      "name": "google-services (2).json",
      "isDir": false,
      "path": "/storage/emulated/0/Download/google-services (2).json"
    },
    {
      "name": "Dash-main.zip",
      "isDir": false,
      "path": "/storage/emulated/0/Download/Dash-main.zip"
    },
    {
      "name": "𝗦𝗖 𝗞𝗛𝗨𝗦𝗨𝗦 𝗣𝗨𝗦𝗛 𝗞𝗢𝗡𝗧𝗔𝗞 𝗕𝗬 𝗩𝗔𝗟𝗗𝗘𝗭🗿🚬.......(☠️).zip",
      "isDir": false,
      "path": "/storage/emulated/0/Download/𝗦𝗖 𝗞𝗛𝗨𝗦𝗨𝗦 𝗣𝗨𝗦𝗛 𝗞𝗢𝗡𝗧𝗔𝗞 𝗕𝗬 𝗩𝗔𝗟𝗗𝗘𝗭🗿🚬.......(☠️).zip"
    },
    {
      "name": "33030001-7bf8-4718-b812-99cd78d73e16.jpeg",
      "isDir": false,
      "path": "/storage/emulated/0/Download/33030001-7bf8-4718-b812-99cd78d73e16.jpeg"
    },
    {
      "name": "f77bc488-8ddc-4a25-819f-89b7bed11502.jpeg",
      "isDir": false,
      "path": "/storage/emulated/0/Download/f77bc488-8ddc-4a25-819f-89b7bed11502.jpeg"
    },
    {
      "name": "2f1d4b13-33aa-48dc-a26b-cf7f6ad62e28.jpeg",
      "isDir": false,
      "path": "/storage/emulated/0/Download/2f1d4b13-33aa-48dc-a26b-cf7f6ad62e28.jpeg"
    },
    {
      "name": "0452c55c-043f-4a5d-9756-58c0afa3e53c.jpeg",
      "isDir": false,
      "path": "/storage/emulated/0/Download/0452c55c-043f-4a5d-9756-58c0afa3e53c.jpeg"
    },
    {
      "name": "3c6ea35a-ed1d-4972-aa69-03c622c06afc.jpeg",
      "isDir": false,
      "path": "/storage/emulated/0/Download/3c6ea35a-ed1d-4972-aa69-03c622c06afc.jpeg"
    },
    {
      "name": "7d93cb0b-6f84-4126-8422-379c0a209d0b.jpeg",
      "isDir": false,
      "path": "/storage/emulated/0/Download/7d93cb0b-6f84-4126-8422-379c0a209d0b.jpeg"
    },
    {
      "name": "194468a7-078c-419c-bb78-37ef8c0edce2.jpeg",
      "isDir": false,
      "path": "/storage/emulated/0/Download/194468a7-078c-419c-bb78-37ef8c0edce2.jpeg"
    },
    {
      "name": "6da9e60b-6970-46f8-9b6a-4909b94d60ed.jpeg",
      "isDir": false,
      "path": "/storage/emulated/0/Download/6da9e60b-6970-46f8-9b6a-4909b94d60ed.jpeg"
    },
    {
      "name": "74a1eb6c-f8dd-47e1-8cb6-a382c4231a6c.jpeg",
      "isDir": false,
      "path": "/storage/emulated/0/Download/74a1eb6c-f8dd-47e1-8cb6-a382c4231a6c.jpeg"
    },
    {
      "name": "d32d9ef6-efeb-4151-be4e-4e85db260132.jpeg",
      "isDir": false,
      "path": "/storage/emulated/0/Download/d32d9ef6-efeb-4151-be4e-4e85db260132.jpeg"
    },
    {
      "name": "google-services (3).json",
      "isDir": false,
      "path": "/storage/emulated/0/Download/google-services (3).json"
    },
    {
      "name": "Wifi Device_2.2.1.apk",
      "isDir": false,
      "path": "/storage/emulated/0/Download/Wifi Device_2.2.1.apk"
    },
    {
      "name": "The Evil2_2.1.apk",
      "isDir": false,
      "path": "/storage/emulated/0/Download/The Evil2_2.1.apk"
    },
    {
      "name": "The Evil2_2.1.apk.bak",
      "isDir": false,
      "path": "/storage/emulated/0/Download/The Evil2_2.1.apk.bak"
    },
    {
      "name": "FB3Themes",
      "isDir": true,
      "path": "/storage/emulated/0/Download/FB3Themes"
    },
    {
      "name": "google-services (4).json",
      "isDir": false,
      "path": "/storage/emulated/0/Download/google-services (4).json"
    },
    {
      "name": "moon.png",
      "isDir": false,
      "path": "/storage/emulated/0/Download/moon.png"
    },
    {
      "name": "background.png",
      "isDir": false,
      "path": "/storage/emulated/0/Download/background.png"
    },
    {
      "name": "download.jpeg",
      "isDir": false,
      "path": "/storage/emulated/0/Download/download.jpeg"
    },
    {
      "name": "Bug_Bot-2-main.zip",
      "isDir": false,
      "path": "/storage/emulated/0/Download/Bug_Bot-2-main.zip"
    },
    {
      "name": "ABHI-BUG-BOT-main.zip",
      "isDir": false,
      "path": "/storage/emulated/0/Download/ABHI-BUG-BOT-main.zip"
    },
    {
      "name": "Hans-Bug-Bot-master.zip",
      "isDir": false,
      "path": "/storage/emulated/0/Download/Hans-Bug-Bot-master.zip"
    },
    {
      "name": "Phantom-bug-bot-master.zip",
      "isDir": false,
      "path": "/storage/emulated/0/Download/Phantom-bug-bot-master.zip"
    },
    {
      "name": "Gojo_bug_bot2-main.zip",
      "isDir": false,
      "path": "/storage/emulated/0/Download/Gojo_bug_bot2-main.zip"
    },
    {
      "name": "BOT-CRASH-WHATSAPP-main.zip",
      "isDir": false,
      "path": "/storage/emulated/0/Download/BOT-CRASH-WHATSAPP-main.zip"
    },
    {
      "name": "ABHI-BUG-BOT-main (1).zip",
      "isDir": false,
      "path": "/storage/emulated/0/Download/ABHI-BUG-BOT-main (1).zip"
    },
    {
      "name": "fcf14588354ddb44b2f40.jpg",
      "isDir": false,
      "path": "/storage/emulated/0/Download/fcf14588354ddb44b2f40.jpg"
    },
    {
      "name": "images.jpeg",
      "isDir": false,
      "path": "/storage/emulated/0/Download/images.jpeg"
    },
    {
      "name": "Yemeni-WhatsApp-768x512.webp",
      "isDir": false,
      "path": "/storage/emulated/0/Download/Yemeni-WhatsApp-768x512.webp"
    },
    {
      "name": "Zylo-Otp-Bot-Bypass-Verifications-Sms-Bot-Bank-main.zip",
      "isDir": false,
      "path": "/storage/emulated/0/Download/Zylo-Otp-Bot-Bypass-Verifications-Sms-Bot-Bank-main.zip"
    },
    {
      "name": "sms-bomber-apk-download-1.png",
      "isDir": false,
      "path": "/storage/emulated/0/Download/sms-bomber-apk-download-1.png"
    },
    {
      "name": "download.png",
      "isDir": false,
      "path": "/storage/emulated/0/Download/download.png"
    },
    {
      "name": "images (1).jpeg",
      "isDir": false,
      "path": "/storage/emulated/0/Download/images (1).jpeg"
    },
    {
      "name": "images (1).png",
      "isDir": false,
      "path": "/storage/emulated/0/Download/images (1).png"
    },
    {
      "name": "images (2).png",
      "isDir": false,
      "path": "/storage/emulated/0/Download/images (2).png"
    },
    {
      "name": "images.png",
      "isDir": false,
      "path": "/storage/emulated/0/Download/images.png"
    },
    {
      "name": "Wavix-OTP-Bot-One-Time-Password-Telegram-Paypal-Whatsapp-Verification-Bypass-main.zip",
      "isDir": false,
      "path": "/storage/emulated/0/Download/Wavix-OTP-Bot-One-Time-Password-Telegram-Paypal-Whatsapp-Verification-Bypass-main.zip"
    },
    {
      "name": "images (2).jpeg",
      "isDir": false,
      "path": "/storage/emulated/0/Download/images (2).jpeg"
    },
    {
      "name": "GBThemes",
      "isDir": true,
      "path": "/storage/emulated/0/Download/GBThemes"
    },
    {
      "name": "download (2).png",
      "isDir": false,
      "path": "/storage/emulated/0/Download/download (2).png"
    },
    {
      "name": "images (3).jpeg",
      "isDir": false,
      "path": "/storage/emulated/0/Download/images (3).jpeg"
    },
    {
      "name": "images (3).png",
      "isDir": false,
      "path": "/storage/emulated/0/Download/images (3).png"
    },
    {
      "name": "download (1).png",
      "isDir": false,
      "path": "/storage/emulated/0/Download/download (1).png"
    },
    {
      "name": "google-services (5).json",
      "isDir": false,
      "path": "/storage/emulated/0/Download/google-services (5).json"
    },
    {
      "name": "google-services (6).json",
      "isDir": false,
      "path": "/storage/emulated/0/Download/google-services (6).json"
    },
    {
      "name": "L3MON-MOD-main.zip",
      "isDir": false,
      "path": "/storage/emulated/0/Download/L3MON-MOD-main.zip"
    },
    {
      "name": "L3MON-MOD-main.zip.bak",
      "isDir": false,
      "path": "/storage/emulated/0/Download/L3MON-MOD-main.zip.bak"
    },
    {
      "name": "youtube-logo-youtube-icon-transparent-free-png.png",
      "isDir": false,
      "path": "/storage/emulated/0/Download/youtube-logo-youtube-icon-transparent-free-png.png"
    },
    {
      "name": "sound7365204725685486602.mp3",
      "isDir": false,
      "path": "/storage/emulated/0/Download/sound7365204725685486602.mp3"
    }
  ]
}