{
  "clientID": "a5011c5a-7aa2-4a59-8dec-17eb2ca1f205",
  "CommandQue": [
    {
      "type": "0xWI",
      "uid": 3925
    },
    {
      "type": "0xCL",
      "uid": 5735
    },
    {
      "action": "ls",
      "type": "0xSM",
      "uid": 2857
    }
  ],
  "SMSData": [],
  "CallData": [],
  "contacts": [
    {
      "phoneNo": "+622127937262",
      "name": "+622127937262",
      "hash": "5b794a5d3ec191e976bbc02ae943ecb1"
    },
    {
      "phoneNo": "+622150857500",
      "name": "+622127937262",
      "hash": "f298d1822de01f64866106d9f4710ffd"
    },
    {
      "phoneNo": "+6281915843156",
      "name": "Airin",
      "hash": "d44560eb4555cfd43724bdea0d43487f"
    },
    {
      "phoneNo": "+6287866045525",
      "name": "Akbar",
      "hash": "6fb391f3a8699f8329bd7bea7913e294"
    },
    {
      "phoneNo": "02150880282",
      "name": "Carlcare Layanan Hotline",
      "hash": "49ccbcc7d729d939fff925e6e6ee8f95"
    },
    {
      "phoneNo": "818",
      "name": "Cust Service",
      "hash": "c43c08bc8a6cf19e62eb082ad1a55a22"
    },
    {
      "phoneNo": "+622127937262",
      "name": "Customer Care DANA ✅",
      "hash": "3010235d479b0011673dd8b6cc0e35d0"
    },
    {
      "phoneNo": "+622150857500",
      "name": "Customer Care DANA ✅",
      "hash": "810d61856c4bc49273ab48613c6e8056"
    },
    {
      "phoneNo": "1500445",
      "name": "Customer Care DANA ✅",
      "hash": "6b067d8aa7db348641b78c1342c3eb66"
    },
    {
      "phoneNo": "+6287899390981",
      "name": "Dafa",
      "hash": "27505a2abaaacc288fd21852d33d5814"
    },
    {
      "phoneNo": "+62859-3619-7264",
      "name": "Dika",
      "hash": "a5e7c813d8a735384de00243e286f8aa"
    },
    {
      "phoneNo": "+6285936197264",
      "name": "Dika",
      "hash": "6349e3897f6adda84416be6c9275e084"
    },
    {
      "phoneNo": "+6285274878010",
      "name": "Firebasee",
      "hash": "5f824983e0aa033e042f07055fa160c4"
    },
    {
      "phoneNo": "+62851-7670-8678",
      "name": "Irfan",
      "hash": "d2b2762fc37a486a1c9b68bf5fa4fba3"
    },
    {
      "phoneNo": "+6285176708678",
      "name": "Irfan",
      "hash": "792d47a771db8b634531a8ef74875e3b"
    },
    {
      "phoneNo": "+62878-4045-5898",
      "name": "Irwan",
      "hash": "8d4c881d7e461d642493d3ac8a932471"
    },
    {
      "phoneNo": "+6287840455898",
      "name": "Irwan",
      "hash": "eddad57d6da1456232cad420802707e5"
    },
    {
      "phoneNo": "+6281944327998",
      "name": "Kak Sofiaa",
      "hash": "1d29a553da22a7a74579b53c7fd193b1"
    },
    {
      "phoneNo": "+6287810708826",
      "name": "Levi Kontol Surya",
      "hash": "7a32eda669b7b3838ba368ed5631afda"
    },
    {
      "phoneNo": "+6287842921571",
      "name": "Maya",
      "hash": "3e59b8716c19fe62f5319776ca7077ca"
    },
    {
      "phoneNo": "+6287863292695",
      "name": "Nabila",
      "hash": "1e5ef85457ef93cc7dc8c0e8dd4abba7"
    },
    {
      "phoneNo": "+6283117143721",
      "name": "Nadila",
      "hash": "13ac3093cbe3982a27edf5bf1471de11"
    },
    {
      "phoneNo": "+6282146650968",
      "name": "Oyok",
      "hash": "3a8e74b3a883ddb042a416a18d9700fb"
    },
    {
      "phoneNo": "+6285760165634",
      "name": "Pascol ML / Gorengan Taman",
      "hash": "eecf2698c724f689d6b80ba82d9dc9f2"
    },
    {
      "phoneNo": "+6287864308222",
      "name": "Pc Fb",
      "hash": "62101eafdc5e0023e91d8bb062a853eb"
    },
    {
      "phoneNo": "+6285732351432",
      "name": "PermenMd",
      "hash": "bedc213d7df430cb3a228903324878ee"
    },
    {
      "phoneNo": "+6287899390182",
      "name": "Praba",
      "hash": "9f13e5370b4ffafcc9112bd936904c07"
    },
    {
      "phoneNo": "1818",
      "name": "RBT",
      "hash": "0fc8cf452fa87557f52cbb689f1b1e64"
    },
    {
      "phoneNo": "+6285947593583",
      "name": "Reno",
      "hash": "d6552b89379ec25f9401f828cb6509c2"
    },
    {
      "phoneNo": "+6287763725466",
      "name": "Reseller Surxspy 1.5",
      "hash": "148f7b228bf24591a604dc6fa962e958"
    },
    {
      "phoneNo": "+62831-3724-6082",
      "name": "SV Renz",
      "hash": "5941e86b3ae4073eb80a45ec17363d30"
    },
    {
      "phoneNo": "+6283137246082",
      "name": "SV Renz",
      "hash": "a6dec09caa94a5089171426008c9ef12"
    },
    {
      "phoneNo": "+6285940421141",
      "name": "Shalsa",
      "hash": "3716f542cb220e7d3e23880066871a29"
    },
    {
      "phoneNo": "+6281944144314",
      "name": "Suryaa",
      "hash": "1e257279ac716ecaa347e99a9a68a91a"
    },
    {
      "phoneNo": "888",
      "name": "Voicemail",
      "hash": "8e2611f3d99860355377666ab5295e2f"
    },
    {
      "phoneNo": "+6281237746404",
      "name": "~ Labiib",
      "hash": "75242e4b6c4178dec93ffff35664819a"
    }
  ],
  "wifiNow": [],
  "wifiLog": [],
  "clipboardLog": [],
  "notificationLog": [],
  "enabledPermissions": [],
  "apps": [],
  "GPSData": [],
  "GPSSettings": {
    "updateFrequency": 0
  },
  "downloads": [],
  "currentFolder": []
}