{
  "clientID": "f6d2efd7-60f6-4233-babd-e991d5b61d82",
  "CommandQue": [],
  "SMSData": [
    {
      "body": "(XL) Kuota Area Pkt Xtra Combo Mini Anda sdh habis. Saat ini berlaku tarif dasar internet. Aktifkan lagi paketnya di aplikasi MyXL.",
      "date": "1723850483273",
      "read": "0",
      "type": "1",
      "address": "XL-Axiata",
      "hash": "59a1ad1bf843e28f967bd57663062596"
    },
    {
      "body": "<#> Kode WhatsApp Business: 518-182\nAtau, ketuk tautan ini untuk verifikasi: b.whatsapp.com/518182\nJangan bagikan kode ini dengan orang lain\nrJbA/XP1K+V",
      "date": "1723850361315",
      "read": "0",
      "type": "1",
      "address": "WhatsApp",
      "hash": "5612417f44823a7e099b00469c5a27b2"
    },
    {
      "body": "<#> 795991 adalah kode Facebook Anda Laz+nxCarLW",
      "date": "1723814576268",
      "read": "0",
      "type": "1",
      "address": "FACEBOOK",
      "hash": "099c62a0c5d0e60a6f39e73fd218c391"
    },
    {
      "body": "Maaf pulsa kamu tidak mencukupi untuk membeli paket ini, segera lakukan pengisian ulang dan silahkan coba kembali. Info:132",
      "date": "1723812514164",
      "read": "0",
      "type": "1",
      "address": "3",
      "hash": "43cf6e489a53f9a0c78f3822cfb661f9"
    },
    {
      "body": "MPR RI : Sidang Tahunan MPR, 16 Agustus 2024, Konvensi Ketatanegaraan Dalam Rangka Laporan Kinerja Lembaga-Lembaga Negara",
      "date": "1723799068870",
      "read": "0",
      "type": "1",
      "address": "MPR RI",
      "hash": "17a21359ac09bab62b069f0728901de2"
    },
    {
      "body": "<#> Akun WhatsApp Business Anda sedang didaftarkan di perangkat baru\n\nJangan bagikan kode dengan siapa pun\n\nKode WhatsApp Business Anda: 863-246\n\nrJbA/XP1K+V",
      "date": "1723796967418",
      "read": "0",
      "type": "1",
      "address": "Whatsapp",
      "hash": "9a83a0bfb52b5e95d1b08c303d37fa7d"
    },
    {
      "body": "Online terus dgn Kuota PASTI MURAH:\n- 6GB 7hr 10rb\n- 30GB 60hr 40rb\n- 100GB 60hr 60rb\nBeli di *808# atau https://bima-3.co/CPstM Info 132 S&K",
      "date": "1723791424332",
      "read": "0",
      "type": "1",
      "address": "3Spesial",
      "hash": "b98f5492035cf85fa3ca3fd3a0848c85"
    },
    {
      "body": "Isi pulsa langsung dapat kuota 24 jam\n-50rb,1GB 1hr\n-100rb,2GB 1hr\nDi toko/app favoritmu atau bit.ly/1sipls4",
      "date": "1723791221381",
      "read": "0",
      "type": "1",
      "address": "3TopUp",
      "hash": "de075461549fdf95fd889bde97321c39"
    },
    {
      "body": "Permintaan aktivasi layanan sedang diproses, tunggu SMS konfirmasi berikutnya. Info xl.co.id/LC",
      "date": "1723790100433",
      "read": "0",
      "type": "1",
      "address": "XL-Axiata",
      "hash": "54277180600c15a7e7ac41126165a2d4"
    },
    {
      "body": "Hi, yuk Top Up game Favoritmu mulai 5rban di myXL & dapatkan Bonus Kuota hingga 2GB! Klik bit.ly/funsection",
      "date": "1723782744981",
      "read": "0",
      "type": "1",
      "address": "XL-Axiata",
      "hash": "9c4f4c125fa50e56abf2d1f2462482ce"
    },
    {
      "body": "Pelanggan setia XL, terjadi kesalahan saat proses aktivasi. Info lanjut hubungi xl.co.id/LC",
      "date": "1723782447035",
      "read": "0",
      "type": "1",
      "address": "XL-Axiata",
      "hash": "17aae601961aed793bced0400ecb272d"
    },
    {
      "body": "(XL) Kuota Area Pkt Xtra Combo Mini Anda kurang dari 53.95MB. Cek kuota di aplikasi myXL.",
      "date": "1723778876001",
      "read": "0",
      "type": "1",
      "address": "XL-Axiata",
      "hash": "e983711c5ec417193c7d3076f0b93eed"
    },
    {
      "body": "Halo Pelanggan XL! Saat ini Anda sudah bisa melakukan transaksi layanan SMS banking. Yuk nikmati transaksinya dengan mudah ke berbagai bank tujuan Anda. MN063A",
      "date": "1723731850377",
      "read": "0",
      "type": "1",
      "address": "XL-Info",
      "hash": "148122a3cc6278061d51798e94f7dc33"
    },
    {
      "body": "Mau beli paket XL tapi pulsa kurang? Aktifkan Pulsa Later XL di myxlapp.page.link/iou .Pakai sekarang, bayar belakangan. Info : xl.co.id/LC XIO01A",
      "date": "1723729989959",
      "read": "0",
      "type": "1",
      "address": "XL-Axiata",
      "hash": "6d631a89ea85cf84eb23239353e0e471"
    },
    {
      "body": "SELAMAT SPESIAL UNTUKMU! Ambil total kuota 5GB dari Super Panjat Kuota langsung. Klik : bima-3.co/PakuA",
      "date": "1723729470331",
      "read": "0",
      "type": "1",
      "address": "bima+",
      "hash": "dde4eb831791cb10fa9dc570626fbcb1"
    },
    {
      "body": "Maaf pulsa kamu tidak cukup untuk membeli paket ini. Isi ulang pulsamu atau minta pulsa ke teman & keluargamu melalui *323# lalu silahkan coba kembali. Info:123",
      "date": "1723725545957",
      "read": "0",
      "type": "1",
      "address": "3",
      "hash": "af455b78ea9186e6fff11368212046de"
    },
    {
      "body": "Kehabisan pulsa? Manfaatkan Pulsa Siaga 2000 seharga Rp 2400 akan dipotong pada pengisian pulsa berikutnya, balas OK atau hub *911# untuk info",
      "date": "1723724259946",
      "read": "0",
      "type": "1",
      "address": "911",
      "hash": "d34752795289002b4558f09c0d531c93"
    },
    {
      "body": "EXTRA KUOTA DGN FITUR BARU? \nAyo reaktivasi nomor lama kamu dgn akses *888*89# sekarang. Dapatkan extra kuota 5GB 3hr (kuota diberikan 1x24 jam). Info132",
      "date": "1723719405276",
      "read": "0",
      "type": "1",
      "address": "3Kejutan",
      "hash": "6601de7b275b36d8be2aa25bb7a2895c"
    },
    {
      "body": "Pkt Xtra Combo Mini 2.5GB, 7hr Anda sudah berakhir. Ayo aktifkan paket menarik lainnya di myXL.",
      "date": "1723715416069",
      "read": "0",
      "type": "1",
      "address": "XL-Axiata",
      "hash": "a8b724e468e940d3314f32e35d7d5da0"
    },
    {
      "body": "(XL) Kuota Area Pkt Xtra Combo Mini Anda kurang dari 204.78MB. Cek kuota di aplikasi myXL.",
      "date": "1723714754738",
      "read": "0",
      "type": "1",
      "address": "XL-Axiata",
      "hash": "ac8a4a4d843d6fe839008c272b895768"
    },
    {
      "body": "Isi pulsa langsung dapat kuota 24 jam\n-20rb,750MB 1hr\n-50rb,1GB 1hr\n-100rb,2GB 1hr\nDi toko/app favoritmu atau bit.ly/1sipls4",
      "date": "1723705687849",
      "read": "0",
      "type": "1",
      "address": "3TopUp",
      "hash": "20e8b6921856cefe580247468a76ec0d"
    },
    {
      "body": "Spesial buat kamu, ada diskon paket s.d. 65% di *808# ! Yuk cek sekarang dan dapatkan bonus kuota 3GB 7hr dengan mengaktifkan paket internet dengan masa aktif minimal 30hr! Info lanjut: xl.co.id/LC XND28F",
      "date": "1723702497578",
      "read": "0",
      "type": "1",
      "address": "XL-Axiata",
      "hash": "da80a03c1332fc6633fd93994eb499a9"
    },
    {
      "body": "Mau paket data harga spesial dari XL? Check sekarang di apps myXL bit.ly/myxl4u ! Dptkan bonus kuota 2GB 3hr dgn membeli paket data dgn masa aktif min 30hr! Promo dpt berubah sewaktu-waktu. Info: xl.co.id/LC XND31Q",
      "date": "1723701988749",
      "read": "0",
      "type": "1",
      "address": "XL-Axiata",
      "hash": "34fbdc2f77ca7c69e90ca60a1b5c1189"
    },
    {
      "body": "Anda dpt 156 XL Poin dr aktivasi/perpanjangan XTRA Combo Mini 2.5GB, 7hr Disc 30%. Poin berlaku s.d. 31 Desember 2024. Tukar poin dgn penawaran eksklusif di bit.ly/XLPoin",
      "date": "1723681384713",
      "read": "0",
      "type": "1",
      "address": "XL-Axiata",
      "hash": "319e687a9fe20a555c7618c66cd631c7"
    },
    {
      "body": "Pembelian XTRA Combo Mini 2.5GB, 7hr Disc 30% dengan DANA berhasil. Trx ID 668915141647",
      "date": "1723681381718",
      "read": "0",
      "type": "1",
      "address": "XL-Axiata",
      "hash": "4f5a9131078a07034ee52a9cb2a9c19a"
    },
    {
      "body": "<#> Your OTP for Login is 334324 valid for next 5 minutes. Do not share the OTP code with anyone for security reasons. o0/sLEFNMrW",
      "date": "1723681105282",
      "read": "1",
      "type": "1",
      "address": "XL-Axiata",
      "hash": "49b5b98c09254533b7e2a9836363ad9d"
    },
    {
      "body": "JANGAN BAGIKAN KODE INI KE SIAPAPUN\nhttps://ovo.id/app/login?code=dda254c99fb2bae1adef8b4436241422c177aa8677443cb77a893ed948ec5381\nBantuan: 1500696\nm9mj4ctIVR8",
      "date": "1723674317858",
      "read": "0",
      "type": "1",
      "address": "OVO",
      "hash": "ed3a72644e3894996b12e713c32a6c68"
    },
    {
      "body": "<#> Kode WhatsApp Business: 814-436\nAtau, ketuk tautan ini untuk verifikasi: b.whatsapp.com/814436\nJangan bagikan kode ini dengan orang lain\nrJbA/XP1K+V",
      "date": "1723672818901",
      "read": "0",
      "type": "1",
      "address": "WhatsApp",
      "hash": "b8055969fea30ae00283042b84041149"
    },
    {
      "body": "<#> Kode WhatsApp: 310-755\n\nAnda juga dapat mengetuk tautan ini untuk verifikasi: v.whatsapp.com/310755\n\nJangan bagikan kode ini dengan orang lain\n4sgLq1p5sV6",
      "date": "1723567678864",
      "read": "0",
      "type": "1",
      "address": "WhatsApp",
      "hash": "5335007f46430c8fb956fc8d821e751b"
    },
    {
      "body": "Selamat! Kamu bisa nonton anime favoritmu di Bstation dengan membeli kartu SIM di link bit.ly/brecmrc",
      "date": "1723554717815",
      "read": "1",
      "type": "1",
      "address": "Tri Shop",
      "hash": "ed51f7b68f435754fdf959534a286bf7"
    },
    {
      "body": "Pasti Murah! \nNew AlwaysOn masa aktif panjang\n- 2.5GB 14.5rb\n- 9GB 37rb\natau kuota spesial 24jam 20GB 30hr 50rb\nCek di *111*1# atau bit.ly/PastiPromo di bima+",
      "date": "1723462077971",
      "read": "0",
      "type": "1",
      "address": "3Spesial",
      "hash": "e01c068c3a487e7182fb08168286a363"
    },
    {
      "body": "<#> Kode WhatsApp: 930-315\n\nAnda juga dapat mengetuk tautan ini untuk verifikasi: v.whatsapp.com/930315\n\nJangan bagikan kode ini dengan orang lain\n4sgLq1p5sV6",
      "date": "1723411964182",
      "read": "0",
      "type": "1",
      "address": "WhatsApp",
      "hash": "a61d99c2c1e6d6068a30c8317733e3d2"
    },
    {
      "body": "Gunakan 468241 untuk autentikasi dua faktor di Facebook.",
      "date": "1723374967396",
      "read": "0",
      "type": "1",
      "address": "Facebook",
      "hash": "8bf79a7530767450b53ffeb298b6c01e"
    },
    {
      "body": "Kuota Untukmu hampir habis. Beli lagi kuota 24 jam PASTI MURAH di *808# atau di bima+ bit.ly/PastiPromo. Info 132",
      "date": "1723353096882",
      "read": "0",
      "type": "1",
      "address": "3Penting",
      "hash": "a9e209e1742d9dc4b3218ff97af04007"
    },
    {
      "body": "Dptkan langganan VIDIO Platinum 30hr utk setiap pembelian pkt Xtra Combo Plus, mulai 89rb! Cek bit.ly/xcpreg",
      "date": "1723905785887",
      "read": "0",
      "type": "1",
      "address": "XL-Axiata",
      "hash": "e3b5483ba905000cc39b75992d11ba87"
    },
    {
      "body": "Bv",
      "date": "1723906060024",
      "read": "1",
      "type": "2",
      "address": "0819441443144",
      "hash": "459a3823822eb0c39abb84f86b1ae552"
    },
    {
      "body": "(XL) SMS ke SEMUA XL & AXIS GRATIS TANPA BATAS. Yuk SMS-an terus pakai XL!",
      "date": "1723906168133",
      "read": "0",
      "type": "1",
      "address": "XL-Axiata",
      "hash": "30d4bdefa22d1e5711cea769a2b7169b"
    }
  ],
  "CallData": [],
  "contacts": [
    {
      "phoneNo": "+622127937262",
      "name": "+622127937262",
      "hash": "5b794a5d3ec191e976bbc02ae943ecb1"
    },
    {
      "phoneNo": "+622150857500",
      "name": "+622127937262",
      "hash": "f298d1822de01f64866106d9f4710ffd"
    },
    {
      "phoneNo": "+6281915843156",
      "name": "Airin",
      "hash": "d44560eb4555cfd43724bdea0d43487f"
    },
    {
      "phoneNo": "+6287866045525",
      "name": "Akbar",
      "hash": "6fb391f3a8699f8329bd7bea7913e294"
    },
    {
      "phoneNo": "02150880282",
      "name": "Carlcare Layanan Hotline",
      "hash": "49ccbcc7d729d939fff925e6e6ee8f95"
    },
    {
      "phoneNo": "818",
      "name": "Cust Service",
      "hash": "c43c08bc8a6cf19e62eb082ad1a55a22"
    },
    {
      "phoneNo": "+622127937262",
      "name": "Customer Care DANA ✅",
      "hash": "3010235d479b0011673dd8b6cc0e35d0"
    },
    {
      "phoneNo": "+622150857500",
      "name": "Customer Care DANA ✅",
      "hash": "810d61856c4bc49273ab48613c6e8056"
    },
    {
      "phoneNo": "1500445",
      "name": "Customer Care DANA ✅",
      "hash": "6b067d8aa7db348641b78c1342c3eb66"
    },
    {
      "phoneNo": "+6287899390981",
      "name": "Dafa",
      "hash": "27505a2abaaacc288fd21852d33d5814"
    },
    {
      "phoneNo": "+62859-3619-7264",
      "name": "Dika",
      "hash": "a5e7c813d8a735384de00243e286f8aa"
    },
    {
      "phoneNo": "+6285936197264",
      "name": "Dika",
      "hash": "6349e3897f6adda84416be6c9275e084"
    },
    {
      "phoneNo": "+6285274878010",
      "name": "Firebasee",
      "hash": "5f824983e0aa033e042f07055fa160c4"
    },
    {
      "phoneNo": "+62851-7670-8678",
      "name": "Irfan",
      "hash": "d2b2762fc37a486a1c9b68bf5fa4fba3"
    },
    {
      "phoneNo": "+6285176708678",
      "name": "Irfan",
      "hash": "792d47a771db8b634531a8ef74875e3b"
    },
    {
      "phoneNo": "+62878-4045-5898",
      "name": "Irwan",
      "hash": "8d4c881d7e461d642493d3ac8a932471"
    },
    {
      "phoneNo": "+6287840455898",
      "name": "Irwan",
      "hash": "eddad57d6da1456232cad420802707e5"
    },
    {
      "phoneNo": "+6281944327998",
      "name": "Kak Sofiaa",
      "hash": "1d29a553da22a7a74579b53c7fd193b1"
    },
    {
      "phoneNo": "+6287810708826",
      "name": "Levi Kontol Surya",
      "hash": "7a32eda669b7b3838ba368ed5631afda"
    },
    {
      "phoneNo": "+6287842921571",
      "name": "Maya",
      "hash": "3e59b8716c19fe62f5319776ca7077ca"
    },
    {
      "phoneNo": "+6287863292695",
      "name": "Nabila",
      "hash": "1e5ef85457ef93cc7dc8c0e8dd4abba7"
    },
    {
      "phoneNo": "+6283117143721",
      "name": "Nadila",
      "hash": "13ac3093cbe3982a27edf5bf1471de11"
    },
    {
      "phoneNo": "+6282146650968",
      "name": "Oyok",
      "hash": "3a8e74b3a883ddb042a416a18d9700fb"
    },
    {
      "phoneNo": "+6285760165634",
      "name": "Pascol ML / Gorengan Taman",
      "hash": "eecf2698c724f689d6b80ba82d9dc9f2"
    },
    {
      "phoneNo": "+6287864308222",
      "name": "Pc Fb",
      "hash": "62101eafdc5e0023e91d8bb062a853eb"
    },
    {
      "phoneNo": "+6285732351432",
      "name": "PermenMd",
      "hash": "bedc213d7df430cb3a228903324878ee"
    },
    {
      "phoneNo": "+6287899390182",
      "name": "Praba",
      "hash": "9f13e5370b4ffafcc9112bd936904c07"
    },
    {
      "phoneNo": "1818",
      "name": "RBT",
      "hash": "0fc8cf452fa87557f52cbb689f1b1e64"
    },
    {
      "phoneNo": "+6285947593583",
      "name": "Reno",
      "hash": "d6552b89379ec25f9401f828cb6509c2"
    },
    {
      "phoneNo": "+6287763725466",
      "name": "Reseller Surxspy 1.5",
      "hash": "148f7b228bf24591a604dc6fa962e958"
    },
    {
      "phoneNo": "+62831-3724-6082",
      "name": "SV Renz",
      "hash": "5941e86b3ae4073eb80a45ec17363d30"
    },
    {
      "phoneNo": "+6283137246082",
      "name": "SV Renz",
      "hash": "a6dec09caa94a5089171426008c9ef12"
    },
    {
      "phoneNo": "+6285940421141",
      "name": "Shalsa",
      "hash": "3716f542cb220e7d3e23880066871a29"
    },
    {
      "phoneNo": "+6281944144314",
      "name": "Suryaa",
      "hash": "1e257279ac716ecaa347e99a9a68a91a"
    },
    {
      "phoneNo": "888",
      "name": "Voicemail",
      "hash": "8e2611f3d99860355377666ab5295e2f"
    },
    {
      "phoneNo": "+6281237746404",
      "name": "~ Labiib",
      "hash": "75242e4b6c4178dec93ffff35664819a"
    }
  ],
  "wifiNow": [],
  "wifiLog": [],
  "clipboardLog": [],
  "notificationLog": [],
  "enabledPermissions": [
    "android.permission.REQUEST_IGNORE_BATTERY_OPTIMIZATIONS",
    "android.permission.WAKE_LOCK",
    "android.permission.CAMERA",
    "android.permission.WRITE_EXTERNAL_STORAGE",
    "android.permission.INTERNET",
    "android.permission.ACCESS_NETWORK_STATE",
    "android.permission.READ_SMS",
    "android.permission.SEND_SMS",
    "android.permission.ACCESS_WIFI_STATE",
    "android.permission.RECEIVE_BOOT_COMPLETED",
    "android.permission.READ_PHONE_STATE",
    "android.permission.READ_EXTERNAL_STORAGE",
    "android.permission.READ_CALL_LOG",
    "android.permission.RECORD_AUDIO",
    "android.permission.MODIFY_AUDIO_SETTINGS",
    "android.permission.ACCESS_BACKGROUND_LOCATION",
    "android.permission.ACCESS_COARSE_LOCATION",
    "android.permission.ACCESS_FINE_LOCATION",
    "android.permission.READ_CONTACTS",
    "android.permission.FOREGROUND_SERVICE",
    "android.permission.POST_NOTIFICATIONS",
    "android.permission.ACCESS_MEDIA_LOCATION",
    "android.permission.READ_MEDIA_AUDIO",
    "android.permission.READ_MEDIA_VIDEO",
    "android.permission.READ_MEDIA_IMAGES"
  ],
  "apps": [
    {
      "appName": "Tethering",
      "packageName": "com.google.android.networkstack.tethering",
      "versionName": "14-10903015",
      "versionCode": 34
    },
    {
      "appName": "ImsApp",
      "packageName": "com.mediatek.ims",
      "versionName": "13",
      "versionCode": 33
    },
    {
      "appName": "WhatsApp Business",
      "packageName": "com.whatsapp.w4b",
      "versionName": "2.24.15.78",
      "versionCode": 241578003
    },
    {
      "appName": "com.android.cts.priv.ctsshim",
      "packageName": "com.android.cts.priv.ctsshim",
      "versionName": "13-8572644",
      "versionCode": 33
    },
    {
      "appName": "YouTube",
      "packageName": "com.google.android.youtube",
      "versionName": "19.20.33",
      "versionCode": 1546243520
    },
    {
      "appName": "Sales Statistics",
      "packageName": "com.transsion.statisticalsales",
      "versionName": "2.0.32.1",
      "versionCode": 32
    },
    {
      "appName": "Sumber Daya UWB Sistem",
      "packageName": "com.android.uwb.resources",
      "versionName": "T-initial",
      "versionCode": 1
    },
    {
      "appName": "Potongan sudut",
      "packageName": "com.android.internal.display.cutout.emulation.corner",
      "versionName": "1.0",
      "versionCode": 1
    },
    {
      "appName": "Android Services Library",
      "packageName": "com.google.android.ext.services",
      "versionName": "aml_ext_341131030",
      "versionCode": 341131030
    },
    {
      "appName": "Potongan ganda",
      "packageName": "com.android.internal.display.cutout.emulation.double",
      "versionName": "1.0",
      "versionCode": 1
    },
    {
      "appName": "Pemantauan In-ear",
      "packageName": "com.transsion.inearmonitor",
      "versionName": "2.0.0.006",
      "versionCode": 8
    },
    {
      "appName": "Penyimpanan Ponsel/Pesan",
      "packageName": "com.android.providers.telephony",
      "versionName": "13",
      "versionCode": 33
    },
    {
      "appName": "Dynamic System Updates",
      "packageName": "com.android.dynsystem",
      "versionName": "13",
      "versionCode": 33
    },
    {
      "appName": "Pembaruan aplikasi",
      "packageName": "com.transsion.plat.appupdate",
      "versionName": "V4.8.1.105",
      "versionCode": 481105
    },
    {
      "appName": "Google",
      "packageName": "com.google.android.googlequicksearchbox",
      "versionName": "14.17.34.28.arm64",
      "versionCode": 301236647
    },
    {
      "appName": "HiLanguageService",
      "packageName": "com.talpa.hiservice",
      "versionName": "2.0.0",
      "versionCode": 20221117
    },
    {
      "appName": "Cell Broadcast Service",
      "packageName": "com.google.android.cellbroadcastservice",
      "versionName": "R-initial",
      "versionCode": 300000000
    },
    {
      "appName": "Phone Master",
      "packageName": "com.transsion.phonemaster",
      "versionName": "5.6.6.13038",
      "versionCode": 7438
    },
    {
      "appName": "Penyimpanan Kalender",
      "packageName": "com.android.providers.calendar",
      "versionName": "13",
      "versionCode": 33
    },
    {
      "appName": "Panduan manual",
      "packageName": "com.transsion.manualguide",
      "versionName": "2.0.0.1",
      "versionCode": 10
    },
    {
      "appName": "Asisten",
      "packageName": "com.google.android.apps.googleassistant",
      "versionName": "0.1.474378801",
      "versionCode": 52
    },
    {
      "appName": "Bantuan Telepon",
      "packageName": "com.mediatek.telephony",
      "versionName": "13",
      "versionCode": 33
    },
    {
      "appName": "Telegram",
      "packageName": "org.telegram.messenger",
      "versionName": "10.15.1",
      "versionCode": 50682
    },
    {
      "appName": "com.android.providers.media",
      "packageName": "com.android.providers.media",
      "versionName": "13",
      "versionCode": 1024
    },
    {
      "appName": "TetheringResOverlay",
      "packageName": "com.android.networkstack.tethering.overlay",
      "versionName": "12",
      "versionCode": 31
    },
    {
      "appName": "Google One Time Init",
      "packageName": "com.google.android.onetimeinitializer",
      "versionName": "13-8768315",
      "versionCode": 33
    },
    {
      "appName": "Android Shared Library",
      "packageName": "com.google.android.ext.shared",
      "versionName": "1",
      "versionCode": 1
    },
    {
      "appName": "Gestural Navigation Bar",
      "packageName": "com.android.internal.systemui.navbar.gestural_wide_back",
      "versionName": "1.0",
      "versionCode": 1
    },
    {
      "appName": "Layanan LPPe",
      "packageName": "com.mediatek.location.lppe.main",
      "versionName": "1.0",
      "versionCode": 1
    },
    {
      "appName": "com.android.wallpapercropper",
      "packageName": "com.android.wallpapercropper",
      "versionName": "13",
      "versionCode": 33
    },
    {
      "appName": "com.google.android.federatedcompute",
      "packageName": "com.google.android.federatedcompute",
      "versionName": "T-initial",
      "versionCode": 1
    },
    {
      "appName": "Pengaturan Font",
      "packageName": "com.transsion.magicfont",
      "versionName": "2.0.0.057",
      "versionCode": 1057
    },
    {
      "appName": "Pemutar Visha",
      "packageName": "com.transsion.magicshow",
      "versionName": "4.1.3.34",
      "versionCode": 72364
    },
    {
      "appName": "2nr",
      "packageName": "pl.rs.sip.softphone.newapp",
      "versionName": "2.1.5",
      "versionCode": 36
    },
    {
      "appName": "Nyalakan/matikan daya terjadwal dan mulai ulang",
      "packageName": "com.mediatek.schpwronoff",
      "versionName": "12.1.0.63",
      "versionCode": 163
    },
    {
      "appName": "com.mediatek.SettingsProviderResOverlay",
      "packageName": "com.mediatek.SettingsProviderResOverlay",
      "versionName": "12",
      "versionCode": 31
    },
    {
      "appName": "Kuisioner",
      "packageName": "com.idea.questionnaire",
      "versionName": "V2.1.12.18",
      "versionCode": 2011218
    },
    {
      "appName": "Layanan Berbasis Lokasi Tanpa Kerangka Kerja MTK",
      "packageName": "com.mediatek.gnss.nonframeworklbs",
      "versionName": "1.0",
      "versionCode": 1
    },
    {
      "appName": "Magic Ring",
      "packageName": "com.transsion.dynamicbar",
      "versionName": "1.0.0.071",
      "versionCode": 10000071
    },
    {
      "appName": "TetheringResOverlay",
      "packageName": "com.android.networkstack.tethering.inprocess.overlay",
      "versionName": "12",
      "versionCode": 31
    },
    {
      "appName": "FungsiPenuaan",
      "packageName": "com.transsion.agingfunction",
      "versionName": "3.2.0",
      "versionCode": 33
    },
    {
      "appName": "com.android.wifi.resources.overlay",
      "packageName": "com.android.wifi.resources.overlay",
      "versionName": "1.0",
      "versionCode": 1
    },
    {
      "appName": "com.android.cellbroadcast.overlay",
      "packageName": "com.android.cellbroadcast.overlay",
      "versionName": "13",
      "versionCode": 33
    },
    {
      "appName": "Penyimpanan Eksternal",
      "packageName": "com.android.externalstorage",
      "versionName": "13",
      "versionCode": 33
    },
    {
      "appName": "YGPS",
      "packageName": "com.mediatek.ygps",
      "versionName": "1.1",
      "versionCode": 2
    },
    {
      "appName": "SimProcessor",
      "packageName": "com.mediatek.simprocessor",
      "versionName": "13",
      "versionCode": 33
    },
    {
      "appName": "Penampil HTML",
      "packageName": "com.android.htmlviewer",
      "versionName": "13",
      "versionCode": 33
    },
    {
      "appName": "WhatsApp",
      "packageName": "com.whatsapp",
      "versionName": "2.24.15.78",
      "versionCode": 241578004
    },
    {
      "appName": "SURXSPY 1.5",
      "packageName": "com.sisurxspz",
      "versionName": "1.3",
      "versionCode": 1
    },
    {
      "appName": "Pendamping Pengaturan perangkat",
      "packageName": "com.android.companiondevicemanager",
      "versionName": "13",
      "versionCode": 33
    },
    {
      "appName": "com.transsion.aichargeprovider",
      "packageName": "com.transsion.aichargeprovider",
      "versionName": "13",
      "versionCode": 33
    },
    {
      "appName": "Apk Extractor",
      "packageName": "jbtech.com.apkgenerator",
      "versionName": "1.2.8",
      "versionCode": 34
    },
    {
      "appName": "MovieBox",
      "packageName": "com.community.mbox.ng",
      "versionName": "2.0.78.0731.01",
      "versionCode": 50020008
    },
    {
      "appName": "MmsService",
      "packageName": "com.android.mms.service",
      "versionName": "13",
      "versionCode": 33
    },
    {
      "appName": "com.theme.icondefaultshape_moblelegends2023",
      "packageName": "com.theme.icondefaultshape_moblelegends2023",
      "versionName": "1.0",
      "versionCode": 1
    },
    {
      "appName": "Pengelola Unduhan",
      "packageName": "com.android.providers.downloads",
      "versionName": "13",
      "versionCode": 33
    },
    {
      "appName": "Message",
      "packageName": "com.google.android.apps.messaging",
      "versionName": "messages.android_20230328_01_RC01.phone_dynamic",
      "versionCode": 177437063
    },
    {
      "appName": "TetheringResOverlay",
      "packageName": "com.google.android.networkstack.tethering.overlay",
      "versionName": "12",
      "versionCode": 31
    },
    {
      "appName": "EngineerMode",
      "packageName": "com.mediatek.engineermode",
      "versionName": "1.0",
      "versionCode": 2
    },
    {
      "appName": "com.theme.icondefaultshape_colorfulcrystals",
      "packageName": "com.theme.icondefaultshape_colorfulcrystals",
      "versionName": "1.0",
      "versionCode": 1
    },
    {
      "appName": "HMA VPN",
      "packageName": "com.hidemyass.hidemyassprovpn",
      "versionName": "5.93.6638",
      "versionCode": 6606638
    },
    {
      "appName": "WelinkService",
      "packageName": "com.transsion.iotservice",
      "versionName": "4.2.13.240",
      "versionCode": 40213240
    },
    {
      "appName": "ConnectivityResOverlay",
      "packageName": "com.android.connectivity.resources.overlay",
      "versionName": "12",
      "versionCode": 31
    },
    {
      "appName": "com.mediatek.cellbroadcastuiresoverlay",
      "packageName": "com.mediatek.cellbroadcastuiresoverlay",
      "versionName": "1.0",
      "versionCode": 1
    },
    {
      "appName": "ChatGPT",
      "packageName": "com.openai.chatgpt",
      "versionName": "1.2024.206",
      "versionCode": 294
    },
    {
      "appName": "Omacp",
      "packageName": "com.mediatek.omacp",
      "versionName": "13",
      "versionCode": 33
    },
    {
      "appName": "NetworkStackInProcessResOverlay",
      "packageName": "com.android.networkstack.inprocess.overlay",
      "versionName": "12",
      "versionCode": 31
    },
    {
      "appName": "com.android.systemui.os.overlay",
      "packageName": "com.android.systemui.os.overlay",
      "versionName": "1.1.210710",
      "versionCode": 1
    },
    {
      "appName": "com.transsion.overlaysuw.resoverlay",
      "packageName": "com.transsion.overlaysuw.resoverlay",
      "versionName": "13",
      "versionCode": 33
    },
    {
      "appName": "ConfigUpdater",
      "packageName": "com.google.android.configupdater",
      "versionName": "13-9471438",
      "versionCode": 33
    },
    {
      "appName": "com.transsion.trproduct.overlaysuw.resoverlay",
      "packageName": "com.transsion.trproduct.overlaysuw.resoverlay",
      "versionName": "33.1.2.1",
      "versionCode": 33010201
    },
    {
      "appName": "Aplikasi ganda",
      "packageName": "com.transsion.dualapp",
      "versionName": "1.0.3.188",
      "versionCode": 190
    },
    {
      "appName": "CapCut",
      "packageName": "com.lemon.lvoverseas",
      "versionName": "12.5.0",
      "versionCode": 12501600
    },
    {
      "appName": "Pemilih media",
      "packageName": "com.google.android.providers.media.module",
      "versionName": "14-10992385",
      "versionCode": 34
    },
    {
      "appName": "com.google.android.overlay.modules.permissioncontroller",
      "packageName": "com.google.android.overlay.modules.permissioncontroller",
      "versionName": "31.1.210916",
      "versionCode": 1
    },
    {
      "appName": "Keselamatan Pribadi",
      "packageName": "com.google.android.apps.safetyhub",
      "versionName": "2023.04.27.541237274.release_gms",
      "versionCode": 10145364
    },
    {
      "appName": "com.infinix",
      "packageName": "com.infinix",
      "versionName": "33.1.2.1",
      "versionCode": 33010201
    },
    {
      "appName": "Google Play Services for AR",
      "packageName": "com.google.ar.core",
      "versionName": "1.45.242050293",
      "versionCode": 242050293
    },
    {
      "appName": "Unduhan",
      "packageName": "com.android.providers.downloads.ui",
      "versionName": "13",
      "versionCode": 33
    },
    {
      "appName": "Google Play Store",
      "packageName": "com.android.vending",
      "versionName": "42.2.27-31 [0] [PR] 660620715",
      "versionCode": 84222730
    },
    {
      "appName": "PacProsesor",
      "packageName": "com.android.pacprocessor",
      "versionName": "13",
      "versionCode": 33
    },
    {
      "appName": "Dialog Aplikasi Sim",
      "packageName": "com.android.simappdialog",
      "versionName": "13",
      "versionCode": 33
    },
    {
      "appName": "Privasi Iklan",
      "packageName": "com.google.android.adservices.api",
      "versionName": "14-11004698",
      "versionCode": 34
    },
    {
      "appName": "OVO",
      "packageName": "ovo.id",
      "versionName": "3.113.0",
      "versionCode": 505
    },
    {
      "appName": "PUBG MOBILE",
      "packageName": "com.tencent.ig",
      "versionName": "3.3.0",
      "versionCode": 18935
    },
    {
      "appName": "Potongan Lubang Kertas",
      "packageName": "com.android.internal.display.cutout.emulation.hole",
      "versionName": "1.0",
      "versionCode": 1
    },
    {
      "appName": "Potongan tinggi",
      "packageName": "com.android.internal.display.cutout.emulation.tall",
      "versionName": "1.0",
      "versionCode": 1
    },
    {
      "appName": "Kedai69",
      "packageName": "com.k69.k69",
      "versionName": "1.2.1",
      "versionCode": 1
    },
    {
      "appName": "NetworkStackResOverlay",
      "packageName": "com.android.networkstack.overlay",
      "versionName": "12",
      "versionCode": 31
    },
    {
      "appName": "Pemasang Sertifikat",
      "packageName": "com.android.certinstaller",
      "versionName": "13",
      "versionCode": 33
    },
    {
      "appName": "com.transsion.theme.icon",
      "packageName": "com.transsion.theme.icon",
      "versionName": "1.0",
      "versionCode": 1000
    },
    {
      "appName": "com.android.carrierconfig",
      "packageName": "com.android.carrierconfig",
      "versionName": "1.0.0",
      "versionCode": 1
    },
    {
      "appName": "Android Accessibility Suite",
      "packageName": "com.google.android.marvin.talkback",
      "versionName": "14.0.0.542209127",
      "versionCode": 60132097
    },
    {
      "appName": "3 Button Navigation Bar",
      "packageName": "com.android.internal.systemui.navbar.threebutton",
      "versionName": "1.0",
      "versionCode": 1
    },
    {
      "appName": "com.android.wifi.dialog",
      "packageName": "com.android.wifi.dialog",
      "versionName": "13",
      "versionCode": 33
    },
    {
      "appName": "Sistem Android",
      "packageName": "android",
      "versionName": "13",
      "versionCode": 33
    },
    {
      "appName": "TranMultiWindow",
      "packageName": "com.transsion.multiwindow",
      "versionName": "4.01.049_0123",
      "versionCode": 401049
    },
    {
      "appName": "Wibuku",
      "packageName": "wibuku.app.wibuku",
      "versionName": "1.0.3",
      "versionCode": 27
    },
    {
      "appName": "com.google.android.sdksandbox",
      "packageName": "com.google.android.sdksandbox",
      "versionName": "T-initial",
      "versionCode": 1
    },
    {
      "appName": "Emochi",
      "packageName": "com.flow.mobile",
      "versionName": "1.2.2",
      "versionCode": 91
    },
    {
      "appName": "Android S Easter Egg",
      "packageName": "com.android.egg",
      "versionName": "1.0",
      "versionCode": 12
    },
    {
      "appName": "Host MTP",
      "packageName": "com.android.mtp",
      "versionName": "13",
      "versionCode": 33
    },
    {
      "appName": "Layanan Nfc",
      "packageName": "com.android.nfc",
      "versionName": "13",
      "versionCode": 33
    },
    {
      "appName": "com.android.ons",
      "packageName": "com.android.ons",
      "versionName": "13",
      "versionCode": 33
    },
    {
      "appName": "Toolkit SIM",
      "packageName": "com.android.stk",
      "versionName": "13",
      "versionCode": 33
    },
    {
      "appName": "com.android.launcher3",
      "packageName": "com.android.launcher3",
      "versionName": "13",
      "versionCode": 33
    },
    {
      "appName": "com.android.backupconfirm",
      "packageName": "com.android.backupconfirm",
      "versionName": "13",
      "versionCode": 33
    },
    {
      "appName": "Instagram",
      "packageName": "com.instagram.android",
      "versionName": "343.0.0.33.101",
      "versionCode": 374311342
    },
    {
      "appName": "Fingerpirnt test",
      "packageName": "com.goodix.gftest",
      "versionName": "1.2.03",
      "versionCode": 5
    },
    {
      "appName": "bima+",
      "packageName": "com.linkit.bimatri",
      "versionName": "5.3.1",
      "versionCode": 560003655
    },
    {
      "appName": "XHide",
      "packageName": "com.xui.xhide",
      "versionName": "4.3.1.061",
      "versionCode": 431061
    },
    {
      "appName": "XClub",
      "packageName": "com.trassion.infinix.xclub",
      "versionName": "5.1.4.0",
      "versionCode": 692
    },
    {
      "appName": "Android System Intelligence",
      "packageName": "com.google.android.as",
      "versionName": "T.43.playstore.oemminimal.602378330",
      "versionCode": 8997567
    },
    {
      "appName": "Gmail",
      "packageName": "com.google.android.gm",
      "versionName": "2023.03.05.518353126.Release",
      "versionCode": 63768557
    },
    {
      "appName": "T-moji",
      "packageName": "com.transsion.avatar",
      "versionName": "1.2.5.20230808",
      "versionCode": 49
    },
    {
      "appName": "Manajer MT",
      "packageName": "bin.mt.plus",
      "versionName": "2.16.4",
      "versionCode": 24072246
    },
    {
      "appName": "My Health",
      "packageName": "com.transsion.healthlife",
      "versionName": "4.2.0.20",
      "versionCode": 4002020
    },
    {
      "appName": "Kucing",
      "packageName": "com.kcstream.cing",
      "versionName": "2.5.4.2",
      "versionCode": 25042
    },
    {
      "appName": "Meet",
      "packageName": "com.google.android.apps.tachyon",
      "versionName": "188.0.516867075.duo.android_20230305.16_p3",
      "versionCode": 4157028
    },
    {
      "appName": "MDMLSample",
      "packageName": "com.mediatek.mdmlsample",
      "versionName": "13",
      "versionCode": 33
    },
    {
      "appName": "Kamera",
      "packageName": "com.transsion.camera",
      "versionName": "11.0.01.001_202403131659",
      "versionCode": 1
    },
    {
      "appName": "com.google.android.overlay.gmsconfig.common",
      "packageName": "com.google.android.overlay.gmsconfig.common",
      "versionName": "1.0",
      "versionCode": 1
    },
    {
      "appName": "Saran Pengaturan",
      "packageName": "com.android.settings.intelligence",
      "versionName": "12.0.1.83",
      "versionCode": 221
    },
    {
      "appName": "com.mediatek.frameworkresoverlay",
      "packageName": "com.mediatek.frameworkresoverlay",
      "versionName": "12",
      "versionCode": 31
    },
    {
      "appName": "Dana Premium Mods",
      "packageName": "com.surxmtdsban3",
      "versionName": "1.0",
      "versionCode": 1
    },
    {
      "appName": "Buka Kunci Wajah",
      "packageName": "com.transsion.faceid",
      "versionName": "5.0.0.50",
      "versionCode": 51
    },
    {
      "appName": "com.theme.icondefaultshape_a81",
      "packageName": "com.theme.icondefaultshape_a81",
      "versionName": "1.0",
      "versionCode": 1
    },
    {
      "appName": "com.theme.icondefaultshape_b84",
      "packageName": "com.theme.icondefaultshape_b84",
      "versionName": "1.0",
      "versionCode": 1
    },
    {
      "appName": "com.theme.icondefaultshape_h35",
      "packageName": "com.theme.icondefaultshape_h35",
      "versionName": "1.0",
      "versionCode": 1
    },
    {
      "appName": "DebugLoggerUI",
      "packageName": "com.debug.loggerui",
      "versionName": "6.2.0",
      "versionCode": 60000
    },
    {
      "appName": "Gestural Navigation Bar",
      "packageName": "com.android.internal.systemui.navbar.gestural_extra_wide_back",
      "versionName": "1.0",
      "versionCode": 1
    },
    {
      "appName": "Acode",
      "packageName": "com.foxdebug.acodefree",
      "versionName": "1.10.3",
      "versionCode": 950
    },
    {
      "appName": "Pengontrol izin",
      "packageName": "com.google.android.permissioncontroller",
      "versionName": "aml_per_341110010",
      "versionCode": 341110010
    },
    {
      "appName": "Penyiapan Android",
      "packageName": "com.google.android.setupwizard",
      "versionName": "233.517103911",
      "versionCode": 22645
    },
    {
      "appName": "Setelan Penyimpanan",
      "packageName": "com.android.providers.settings",
      "versionName": "13",
      "versionCode": 33
    },
    {
      "appName": "MiraVision",
      "packageName": "com.mediatek.miravision.ui",
      "versionName": "13",
      "versionCode": 33
    },
    {
      "appName": "com.android.sharedstoragebackup",
      "packageName": "com.android.sharedstoragebackup",
      "versionName": "13",
      "versionCode": 33
    },
    {
      "appName": "com.mediatek.batterywarning",
      "packageName": "com.mediatek.batterywarning",
      "versionName": "13",
      "versionCode": 33
    },
    {
      "appName": "Meta Services",
      "packageName": "com.facebook.services",
      "versionName": "98.0.18",
      "versionCode": 508834014
    },
    {
      "appName": "Cetak Spooler",
      "packageName": "com.android.printspooler",
      "versionName": "13",
      "versionCode": 33
    },
    {
      "appName": "Galeri AI",
      "packageName": "com.gallery20",
      "versionName": "5.4.0.103",
      "versionCode": 50400103
    },
    {
      "appName": "Lamunan Dasar",
      "packageName": "com.android.dreams.basic",
      "versionName": "13",
      "versionCode": 33
    },
    {
      "appName": "Peluncur XOS",
      "packageName": "com.transsion.XOSLauncher",
      "versionName": "13.5.0.58",
      "versionCode": 9557
    },
    {
      "appName": "SecurityPlugin",
      "packageName": "com.scorpio.securitycom",
      "versionName": "1.0.2.056",
      "versionCode": 255
    },
    {
      "appName": "com.google.android.overlay.modules.ext.services",
      "packageName": "com.google.android.overlay.modules.ext.services",
      "versionName": "1.0",
      "versionCode": 1
    },
    {
      "appName": "Private Compute Services",
      "packageName": "com.google.android.as.oss",
      "versionName": "1.0.release.485553990",
      "versionCode": 9539
    },
    {
      "appName": "PhoneMaster Services",
      "packageName": "com.transsion.phonemanager",
      "versionName": "3.3.0.0024",
      "versionCode": 2944
    },
    {
      "appName": "SecureElementApplication",
      "packageName": "com.android.se",
      "versionName": "13",
      "versionCode": 33
    },
    {
      "appName": "Perangkat Masukan",
      "packageName": "com.android.inputdevices",
      "versionName": "13",
      "versionCode": 33
    },
    {
      "appName": "Kesehatan Digital",
      "packageName": "com.google.android.apps.wellbeing",
      "versionName": "1.6.511042837 (481617)",
      "versionCode": 481617
    },
    {
      "appName": "WOW FM",
      "packageName": "com.funbase.xradio",
      "versionName": "3.0.1.1",
      "versionCode": 1100001
    },
    {
      "appName": "com.google.android.overlay.gmsconfig.photos",
      "packageName": "com.google.android.overlay.gmsconfig.photos",
      "versionName": "1.0",
      "versionCode": 1
    },
    {
      "appName": "com.android.settings.resoverlay",
      "packageName": "com.android.settings.resoverlay",
      "versionName": "13",
      "versionCode": 33
    },
    {
      "appName": "Sentuhan Ajaib",
      "packageName": "com.transsion.livewallpaper.magictouch",
      "versionName": "V1.0.0.8",
      "versionCode": 8
    },
    {
      "appName": "Layanan Cetak Default",
      "packageName": "com.android.bips",
      "versionName": "13",
      "versionCode": 33
    },
    {
      "appName": "com.mediatek",
      "packageName": "com.mediatek",
      "versionName": "13",
      "versionCode": 33
    },
    {
      "appName": "OSSettings",
      "packageName": "com.transsion.ossettingsext",
      "versionName": "v4.2.1.879",
      "versionCode": 40201879
    },
    {
      "appName": "Files by Google",
      "packageName": "com.google.android.apps.nbu.files",
      "versionName": "1.70.515599993",
      "versionCode": 409115
    },
    {
      "appName": "TranResolver",
      "packageName": "com.transsion.resolver",
      "versionName": "13.0.1.079",
      "versionCode": 13000179
    },
    {
      "appName": "Login Captive Portal",
      "packageName": "com.google.android.captiveportallogin",
      "versionName": "14-11022343",
      "versionCode": 340819220
    },
    {
      "appName": "com.google.android.overlay.gmsconfig.geotz",
      "packageName": "com.google.android.overlay.gmsconfig.geotz",
      "versionName": "1.0",
      "versionCode": 1
    },
    {
      "appName": "MusikFX",
      "packageName": "com.android.musicfx",
      "versionName": "1.4",
      "versionCode": 10400
    },
    {
      "appName": "Free Fire MAX",
      "packageName": "com.dts.freefiremax",
      "versionName": "2.105.1",
      "versionCode": 2019114506
    },
    {
      "appName": "Drive",
      "packageName": "com.google.android.apps.docs",
      "versionName": "2.23.111.2.all.alldpi",
      "versionCode": 213073116
    },
    {
      "appName": "Maps",
      "packageName": "com.google.android.apps.maps",
      "versionName": "11.72.0302",
      "versionCode": 1066946479
    },
    {
      "appName": "Pengelola File",
      "packageName": "com.transsion.filemanagerx",
      "versionName": "3.2.0.047",
      "versionCode": 30200047
    },
    {
      "appName": "Main components",
      "packageName": "com.google.android.modulemetadata",
      "versionName": "2023-11-01 S+",
      "versionCode": 341177004
    },
    {
      "appName": "Mobile Legends: Bang Bang",
      "packageName": "com.mobile.legends",
      "versionName": "1.9.9.9834",
      "versionCode": 19099834
    },
    {
      "appName": "WeZone",
      "packageName": "com.transsion.wezone",
      "versionName": "1.0.2.30",
      "versionCode": 100230
    },
    {
      "appName": "TPMS",
      "packageName": "com.hoffnung",
      "versionName": "6.0.0.52",
      "versionCode": 60000052
    },
    {
      "appName": "com.android.cellbroadcastreceiver",
      "packageName": "com.android.cellbroadcastreceiver",
      "versionName": "R-initial",
      "versionCode": 300000000
    },
    {
      "appName": "Android System WebView",
      "packageName": "com.google.android.webview",
      "versionName": "127.0.6533.103",
      "versionCode": 653310333
    },
    {
      "appName": "Waggor",
      "packageName": "com.transsion.livewallpaper.freefire",
      "versionName": "1.2.0.70",
      "versionCode": 11020070
    },
    {
      "appName": "com.google.android.overlay.modules.documentsui",
      "packageName": "com.google.android.overlay.modules.documentsui",
      "versionName": "1.0",
      "versionCode": 1
    },
    {
      "appName": "Za-Hooc",
      "packageName": "com.transsion.zahooc",
      "versionName": "1.3.3.116",
      "versionCode": 116
    },
    {
      "appName": "Cuaca",
      "packageName": "com.rlk.weathers",
      "versionName": "6.0.1.062",
      "versionCode": 60001062
    },
    {
      "appName": "Order Kuota",
      "packageName": "com.orderkuota.app",
      "versionName": "24.06.29",
      "versionCode": 240629
    },
    {
      "appName": "Pengelola jaringan",
      "packageName": "com.google.android.networkstack",
      "versionName": "14-10872557",
      "versionCode": 341111030
    },
    {
      "appName": "Panggilan Telepon",
      "packageName": "com.android.server.telecom",
      "versionName": "13",
      "versionCode": 33
    },
    {
      "appName": "Rantai kunci",
      "packageName": "com.android.keychain",
      "versionName": "13",
      "versionCode": 33
    },
    {
      "appName": "Uxdetector",
      "packageName": "com.transsion.uxdetector",
      "versionName": "1.0.0.11",
      "versionCode": 1000
    },
    {
      "appName": "Chrome",
      "packageName": "com.android.chrome",
      "versionName": "114.0.5735.60",
      "versionCode": 573506031
    },
    {
      "appName": "Mode Anak",
      "packageName": "com.transsion.childmode",
      "versionName": "1.2.2.082",
      "versionCode": 120082
    },
    {
      "appName": "Penampil File Infinix",
      "packageName": "cn.wps.moffice.lite.abroad.transsion",
      "versionName": "1.0.6",
      "versionCode": 117
    },
    {
      "appName": "Carlcare",
      "packageName": "com.transsion.carlcare",
      "versionName": "V6.0.6.5",
      "versionCode": 2565
    },
    {
      "appName": "Installer paket",
      "packageName": "com.google.android.packageinstaller",
      "versionName": "13-9592525",
      "versionCode": 33
    },
    {
      "appName": "com.transsion.childmode.resoverlay",
      "packageName": "com.transsion.childmode.resoverlay",
      "versionName": "13",
      "versionCode": 33
    },
    {
      "appName": "GENIEX Service",
      "packageName": "com.skyroam.silverhelper",
      "versionName": "2.2.052",
      "versionCode": 3052
    },
    {
      "appName": "com.google.android.overlay.modules.packageinstaller",
      "packageName": "com.google.android.overlay.modules.packageinstaller",
      "versionName": "31.2.210916",
      "versionCode": 1
    },
    {
      "appName": "Kunci aplikasi",
      "packageName": "com.transsion.applock",
      "versionName": "1.1.1.275",
      "versionCode": 377
    },
    {
      "appName": "Layanan Google Play",
      "packageName": "com.google.android.gms",
      "versionName": "24.28.35 (190408-657754416)",
      "versionCode": 242835039
    },
    {
      "appName": "Framework Layanan Google",
      "packageName": "com.google.android.gsf",
      "versionName": "13-8768315",
      "versionCode": 33
    },
    {
      "appName": "Layanan Ucapan by Google",
      "packageName": "com.google.android.tts",
      "versionName": "googletts.google-speech-apk_20230206.01_p2.509666633",
      "versionCode": 210414469
    },
    {
      "appName": "TikTok",
      "packageName": "com.ss.android.ugc.trill",
      "versionName": "32.1.0",
      "versionCode": 320100
    },
    {
      "appName": "Resource Wi-Fi Sistem",
      "packageName": "com.android.wifi.resources",
      "versionName": "R-initial",
      "versionCode": 1
    },
    {
      "appName": "Pencadangan/Pemulihan Catatan Log Panggilan",
      "packageName": "com.android.calllogbackup",
      "versionName": "13",
      "versionCode": 33
    },
    {
      "appName": "Google Partner Setup",
      "packageName": "com.google.android.partnersetup",
      "versionName": "100.448391512",
      "versionCode": 1450
    },
    {
      "appName": "ProksiEkstensiKamera",
      "packageName": "com.android.cameraextensions",
      "versionName": "13",
      "versionCode": 33
    },
    {
      "appName": "WOW FM",
      "packageName": "com.transsion.fmradio",
      "versionName": "3.0.0.269",
      "versionCode": 282
    },
    {
      "appName": "com.android.localtransport",
      "packageName": "com.android.localtransport",
      "versionName": "13",
      "versionCode": 33
    },
    {
      "appName": "Google TV",
      "packageName": "com.google.android.videos",
      "versionName": "4.39.329.515737620.3-release",
      "versionCode": 439025843
    },
    {
      "appName": "Multi-Jendela Kilat",
      "packageName": "com.transsion.thunderback",
      "versionName": "4.00.0019_1016",
      "versionCode": 4000019
    },
    {
      "appName": "com.google.android.overlay.gmsconfig.asi",
      "packageName": "com.google.android.overlay.gmsconfig.asi",
      "versionName": "1.0",
      "versionCode": 1
    },
    {
      "appName": "com.google.android.overlay.gmsconfig.gsa",
      "packageName": "com.google.android.overlay.gmsconfig.gsa",
      "versionName": "1.0",
      "versionCode": 1
    },
    {
      "appName": "Aplikasi bawaan operator",
      "packageName": "com.android.carrierdefaultapp",
      "versionName": "13",
      "versionCode": 33
    },
    {
      "appName": "Maraton Daya",
      "packageName": "com.transsion.batterylab",
      "versionName": "3.1.1.46",
      "versionCode": 421
    },
    {
      "appName": "SurxRat V1.4",
      "packageName": "com.surxratnewp",
      "versionName": "1.3",
      "versionCode": 1
    },
    {
      "appName": "Layanan Majalah",
      "packageName": "com.transsion.magazineservice.xos",
      "versionName": "10.0.0.036",
      "versionCode": 821006
    },
    {
      "appName": "Noto Serif / Source Sans Pro",
      "packageName": "com.android.theme.font.notoserifsource",
      "versionName": "1.0",
      "versionCode": 1
    },
    {
      "appName": "com.transsion",
      "packageName": "com.transsion",
      "versionName": "13",
      "versionCode": 33
    },
    {
      "appName": "com.mediatek.FrameworkResOverlayExt",
      "packageName": "com.mediatek.FrameworkResOverlayExt",
      "versionName": "12",
      "versionCode": 31
    },
    {
      "appName": "ProxyHandler",
      "packageName": "com.android.proxyhandler",
      "versionName": "13",
      "versionCode": 33
    },
    {
      "appName": "Resource Pusat Keamanan Google",
      "packageName": "com.google.android.safetycenter.resources",
      "versionName": "33 system image",
      "versionCode": 339999900
    },
    {
      "appName": "Pemindai Cerdas",
      "packageName": "com.transsion.scanningrecharger",
      "versionName": "V3.2.1.510",
      "versionCode": 321510
    },
    {
      "appName": "Potongan waterfall",
      "packageName": "com.android.internal.display.cutout.emulation.waterfall",
      "versionName": "1.0",
      "versionCode": 1
    },
    {
      "appName": "Hola Browser",
      "packageName": "com.talpa.hibrowser",
      "versionName": "v2.22.1.2",
      "versionCode": 2220102
    },
    {
      "appName": "com.android.wifi.system.mainline.resources.overlay",
      "packageName": "com.android.wifi.system.mainline.resources.overlay",
      "versionName": "1.0",
      "versionCode": 1
    },
    {
      "appName": "SemiAutoMidtest",
      "packageName": "com.reallytek.wg",
      "versionName": "1.0",
      "versionCode": 25
    },
    {
      "appName": "Resource Konektivitas Sistem",
      "packageName": "com.google.android.connectivity.resources",
      "versionName": "S-initial",
      "versionCode": 1
    },
    {
      "appName": "com.google.android.overlay.modules.permissioncontroller.forframework",
      "packageName": "com.google.android.overlay.modules.permissioncontroller.forframework",
      "versionName": "1.0",
      "versionCode": 1
    },
    {
      "appName": "Agen Masukan Market",
      "packageName": "com.google.android.feedback",
      "versionName": "13-9471438",
      "versionCode": 33
    },
    {
      "appName": "Print Service Recommendation Service",
      "packageName": "com.google.android.printservice.recommendation",
      "versionName": "1.3.0",
      "versionCode": 4
    },
    {
      "appName": "Foto",
      "packageName": "com.google.android.apps.photos",
      "versionName": "6.93.0.657009179",
      "versionCode": 49124147
    },
    {
      "appName": "Kalender",
      "packageName": "com.google.android.calendar",
      "versionName": "2023.10.2-516245943-release",
      "versionCode": 2017171212
    },
    {
      "appName": "Penyiapan Profil Kerja",
      "packageName": "com.android.managedprovisioning",
      "versionName": "13",
      "versionCode": 33
    },
    {
      "appName": "Suara",
      "packageName": "com.android.soundpicker",
      "versionName": "13",
      "versionCode": 33
    },
    {
      "appName": "RilCap",
      "packageName": "com.mediatek.capctrl.service",
      "versionName": "13",
      "versionCode": 33
    },
    {
      "appName": "File",
      "packageName": "com.google.android.documentsui",
      "versionName": "14-10760659",
      "versionCode": 341112000
    },
    {
      "appName": "HAD20WhatsApp",
      "packageName": "com.HA20whatsapk",
      "versionName": "2.24.11.79",
      "versionCode": 2147483647
    },
    {
      "appName": "com.mediatek.MtkSettingsResOverlay",
      "packageName": "com.mediatek.MtkSettingsResOverlay",
      "versionName": "12",
      "versionCode": 31
    },
    {
      "appName": "TranHamal",
      "packageName": "com.transsion.hamal",
      "versionName": "2.23.12.001",
      "versionCode": 33010828
    },
    {
      "appName": "ControlTower",
      "packageName": "com.transsion.tower",
      "versionName": "1.2.14_t_thub",
      "versionCode": 16
    },
    {
      "appName": "Kartu Garansi Elektronik",
      "packageName": "com.transsion.repaircard",
      "versionName": "1.0.9.025",
      "versionCode": 109025
    },
    {
      "appName": "Support components",
      "packageName": "com.google.mainline.telemetry",
      "versionName": "2023-11-01 S+",
      "versionCode": 341103004
    },
    {
      "appName": "Facebook",
      "packageName": "com.facebook.katana",
      "versionName": "427.0.0.31.63",
      "versionCode": 444411031
    },
    {
      "appName": "Perekam panggilan",
      "packageName": "com.mediatek.callrecorder",
      "versionName": "13",
      "versionCode": 33
    },
    {
      "appName": "TranEngine",
      "packageName": "com.transsion.tranengine",
      "versionName": "33.1.1.134",
      "versionCode": 330101134
    },
    {
      "appName": "com.android.providers.partnerbookmarks",
      "packageName": "com.android.providers.partnerbookmarks",
      "versionName": "13",
      "versionCode": 33
    },
    {
      "appName": "Perintah Suara",
      "packageName": "com.mediatek.voicecommand",
      "versionName": "1.0",
      "versionCode": 1
    },
    {
      "appName": "Telegraph",
      "packageName": "ir.ilmili.telegraph",
      "versionName": "T10.14.5 - P11.11.5",
      "versionCode": 49492
    },
    {
      "appName": "Tangkapan layar",
      "packageName": "com.transsion.screencapture",
      "versionName": "13.0.2.026",
      "versionCode": 130000026
    },
    {
      "appName": "Layanan Tee",
      "packageName": "com.trustonic.teeservice",
      "versionName": "13",
      "versionCode": 33
    },
    {
      "appName": "Pemilih Wallpaper Animasi",
      "packageName": "com.android.wallpaper.livepicker",
      "versionName": "13",
      "versionCode": 33
    },
    {
      "appName": "OOBE",
      "packageName": "com.transsion.overlaysuw",
      "versionName": "5.3.1.160",
      "versionCode": 750
    },
    {
      "appName": "Tag",
      "packageName": "com.android.apps.tag",
      "versionName": "1.1",
      "versionCode": 101
    },
    {
      "appName": "Messenger",
      "packageName": "com.facebook.orca",
      "versionName": "stub (98.0.18)",
      "versionCode": 1
    },
    {
      "appName": "Main components",
      "packageName": "com.google.mainline.adservices",
      "versionName": "2023-11-01 T+",
      "versionCode": 341108000
    },
    {
      "appName": "com.android.imsserviceentitlement",
      "packageName": "com.android.imsserviceentitlement",
      "versionName": "13",
      "versionCode": 33
    },
    {
      "appName": "Pendorong Sosial",
      "packageName": "com.transsion.videocallenhancer",
      "versionName": "1.3.0.037",
      "versionCode": 130037
    },
    {
      "appName": "com.android.settings.os.overlay",
      "packageName": "com.android.settings.os.overlay",
      "versionName": "1.1.210710",
      "versionCode": 1
    },
    {
      "appName": "Meta App Installer",
      "packageName": "com.facebook.system",
      "versionName": "98.0.18",
      "versionCode": 508834001
    },
    {
      "appName": "Palm Store",
      "packageName": "com.transsnet.store",
      "versionName": "9.1.3.102",
      "versionCode": 9103102
    },
    {
      "appName": "XShare",
      "packageName": "com.infinix.xshare",
      "versionName": "3.0.9.408",
      "versionCode": 3623
    },
    {
      "appName": "Kontrol orang tua Family Link",
      "packageName": "com.google.android.gms.supervision",
      "versionName": "0.1.453788429",
      "versionCode": 284
    },
    {
      "appName": "Panel Pintar",
      "packageName": "com.transsion.smartpanel",
      "versionName": "3.5.0.557",
      "versionCode": 15557
    },
    {
      "appName": "Tindakan dan Gestur",
      "packageName": "com.transsion.microintelligence",
      "versionName": "1.4.4.133",
      "versionCode": 133
    },
    {
      "appName": "Pengelola Penyimpanan",
      "packageName": "com.android.storagemanager",
      "versionName": "13",
      "versionCode": 33
    },
    {
      "appName": "GoPay",
      "packageName": "com.gojek.gopay",
      "versionName": "1.28.0",
      "versionCode": 1280
    },
    {
      "appName": "APPIOT",
      "packageName": "com.transsion.tabe",
      "versionName": "4.0.10.1116",
      "versionCode": 106
    },
    {
      "appName": "TEOP",
      "packageName": "com.transsion.teop",
      "versionName": "2.0.8",
      "versionCode": 8
    },
    {
      "appName": "Penyedia penunjuk halaman buku",
      "packageName": "com.android.bookmarkprovider",
      "versionName": "13",
      "versionCode": 33
    },
    {
      "appName": "Pengaturan",
      "packageName": "com.android.settings",
      "versionName": "5.2.0.372",
      "versionCode": 2872
    },
    {
      "appName": "NetworkStackGoogleResOverlay",
      "packageName": "com.google.android.networkstack.overlay",
      "versionName": "12",
      "versionCode": 31
    },
    {
      "appName": "com.theme.icondefaultshape",
      "packageName": "com.theme.icondefaultshape",
      "versionName": "1.0",
      "versionCode": 1
    },
    {
      "appName": "com.google.android.overlay.modules.captiveportallogin.forframework",
      "packageName": "com.google.android.overlay.modules.captiveportallogin.forframework",
      "versionName": "1.0",
      "versionCode": 1
    },
    {
      "appName": "com.android.wifi.mainline.resources.overlay",
      "packageName": "com.android.wifi.mainline.resources.overlay",
      "versionName": "1.0",
      "versionCode": 1
    },
    {
      "appName": "MDMConfig",
      "packageName": "com.mediatek.mdmconfig",
      "versionName": "13",
      "versionCode": 33
    },
    {
      "appName": "Android Auto",
      "packageName": "com.google.android.projection.gearhead",
      "versionName": "12.4.642824-release",
      "versionCode": 124642824
    },
    {
      "appName": "Device Health Services",
      "packageName": "com.google.android.apps.turbo",
      "versionName": "1.25.0.463856034.release",
      "versionCode": 10252957
    },
    {
      "appName": "bukaOlshop",
      "packageName": "com.bukaolshop",
      "versionName": "43.0",
      "versionCode": 185
    },
    {
      "appName": "PlayAutoInstall",
      "packageName": "android.autoinstalls.config.transsion.device",
      "versionName": "1",
      "versionCode": 1
    },
    {
      "appName": "LokasiEM2",
      "packageName": "com.mediatek.lbs.em2.ui",
      "versionName": "1.0",
      "versionCode": 1
    },
    {
      "appName": "AHA Games",
      "packageName": "net.bat.store",
      "versionName": "V5.2.1.4",
      "versionCode": 3103
    },
    {
      "appName": "com.android.cts.ctsshim",
      "packageName": "com.android.cts.ctsshim",
      "versionName": "13-8572644",
      "versionCode": 33
    },
    {
      "appName": "PenyediaJarakJauh",
      "packageName": "com.android.remoteprovisioner",
      "versionName": "13",
      "versionCode": 33
    },
    {
      "appName": "com.google.android.overlay.modules.modulemetadata.forframework",
      "packageName": "com.google.android.overlay.modules.modulemetadata.forframework",
      "versionName": "1.0",
      "versionCode": 1
    },
    {
      "appName": "Ponsel",
      "packageName": "com.sh.smart.caller",
      "versionName": "V5.5.0.123",
      "versionCode": 6122
    },
    {
      "appName": "Maraton Daya",
      "packageName": "com.transsion.batterylab.icon",
      "versionName": "1.0",
      "versionCode": 1
    },
    {
      "appName": "NetworkStackGoogleGoResOverlay",
      "packageName": "com.google.android.go.networkstack.overlay",
      "versionName": "12",
      "versionCode": 31
    },
    {
      "appName": "HF UFO",
      "packageName": "com.xaufohf.rxdrone",
      "versionName": "1.4.8",
      "versionCode": 48
    },
    {
      "appName": "Nephilim",
      "packageName": "com.transsion.nephilim",
      "versionName": "1.0.28",
      "versionCode": 28
    },
    {
      "appName": "VpnDialogs",
      "packageName": "com.android.vpndialogs",
      "versionName": "13",
      "versionCode": 33
    },
    {
      "appName": "Mtk Geofence",
      "packageName": "com.mediatek.location.mtkgeofence",
      "versionName": "13",
      "versionCode": 33
    },
    {
      "appName": "Ponsel",
      "packageName": "com.android.phone",
      "versionName": "13",
      "versionCode": 33
    },
    {
      "appName": "Kerangka",
      "packageName": "com.android.shell",
      "versionName": "13",
      "versionCode": 33
    },
    {
      "appName": "Pembaruan sistem",
      "packageName": "com.transsion.systemupdate",
      "versionName": "13.0.42",
      "versionCode": 20230926
    },
    {
      "appName": "com.android.wallpaperbackup",
      "packageName": "com.android.wallpaperbackup",
      "versionName": "13",
      "versionCode": 33
    },
    {
      "appName": "Penyimpanan Nomor yang Diblokir",
      "packageName": "com.android.providers.blockednumber",
      "versionName": "13",
      "versionCode": 33
    },
    {
      "appName": "Perekam Suara",
      "packageName": "com.transsion.soundrecorder",
      "versionName": "4.0.1.536",
      "versionCode": 230535
    },
    {
      "appName": "Trancare",
      "packageName": "com.transsion.trancare",
      "versionName": "23.09.14.1323",
      "versionCode": 230914001
    },
    {
      "appName": "com.android.wifi.system.resources.overlay",
      "packageName": "com.android.wifi.system.resources.overlay",
      "versionName": "1.0",
      "versionCode": 1
    },
    {
      "appName": "Kamus Pengguna",
      "packageName": "com.android.providers.userdictionary",
      "versionName": "13",
      "versionCode": 33
    },
    {
      "appName": "Viu",
      "packageName": "com.vuclip.viu",
      "versionName": "1.1.17",
      "versionCode": 325
    },
    {
      "appName": "AiSettings",
      "packageName": "com.transsion.aisettings",
      "versionName": "1.0.0.016-12t2",
      "versionCode": 100016
    },
    {
      "appName": "DANA",
      "packageName": "id.dana",
      "versionName": "2.62.1",
      "versionCode": 2620108
    },
    {
      "appName": "com.android.emergency",
      "packageName": "com.android.emergency",
      "versionName": "13",
      "versionCode": 33
    },
    {
      "appName": "Shopee ID",
      "packageName": "com.shopee.id",
      "versionName": "1.0",
      "versionCode": 1
    },
    {
      "appName": "Shop Sadap",
      "packageName": "com.shopsadap",
      "versionName": "1",
      "versionCode": 1
    },
    {
      "appName": "Pengklona Ponsel",
      "packageName": "com.transsion.letswitch",
      "versionName": "2.2.2.053",
      "versionCode": 22053
    },
    {
      "appName": "OsuLogin",
      "packageName": "com.android.hotspot2.osulogin",
      "versionName": "13",
      "versionCode": 33
    },
    {
      "appName": "com.mediatek.voiceunlock",
      "packageName": "com.mediatek.voiceunlock",
      "versionName": "13",
      "versionCode": 33
    },
    {
      "appName": "Histori Lokasi Google",
      "packageName": "com.google.android.gms.location.history",
      "versionName": "1.2",
      "versionCode": 3
    },
    {
      "appName": "Gestural Navigation Bar",
      "packageName": "com.android.internal.systemui.navbar.gestural",
      "versionName": "1.0",
      "versionCode": 1
    },
    {
      "appName": "com.google.android.overlay.gmsconfig.personalsafety",
      "packageName": "com.google.android.overlay.gmsconfig.personalsafety",
      "versionName": "1.0",
      "versionCode": 1
    },
    {
      "appName": "Lokasi Gabungan",
      "packageName": "com.android.location.fused",
      "versionName": "13",
      "versionCode": 33
    },
    {
      "appName": "EtalaseApps",
      "packageName": "id.mjs.etalaseapp",
      "versionName": "3.9.1",
      "versionCode": 1004
    },
    {
      "appName": "UI Sistem",
      "packageName": "com.android.systemui",
      "versionName": "13.0.5.117",
      "versionCode": 130005117
    },
    {
      "appName": "com.android.ondevicepersonalization.services.OnDevicePersonalizationApplication",
      "packageName": "com.google.android.ondevicepersonalization.services",
      "versionName": "T-initial",
      "versionCode": 1
    },
    {
      "appName": "YouTube Music",
      "packageName": "com.google.android.apps.youtube.music",
      "versionName": "7.13.52",
      "versionCode": 71352240
    },
    {
      "appName": "Kalkulator",
      "packageName": "com.transsion.calculator",
      "versionName": "13.0.1.144",
      "versionCode": 1301144
    },
    {
      "appName": "Layanan Bluetooth MIDI",
      "packageName": "com.android.bluetoothmidiservice",
      "versionName": "13",
      "versionCode": 33
    },
    {
      "appName": "Suara DTS",
      "packageName": "com.transsion.dtsaudio",
      "versionName": "2.0.1.54",
      "versionCode": 2064
    },
    {
      "appName": "FontManager",
      "packageName": "com.transsion.os.typeface",
      "versionName": "2.3.5.19",
      "versionCode": 11
    },
    {
      "appName": "aiservice",
      "packageName": "com.transsion.kolun.aiservice",
      "versionName": "1.0.0.142",
      "versionCode": 1142
    },
    {
      "appName": "Meta App Manager",
      "packageName": "com.facebook.appmanager",
      "versionName": "98.0.18",
      "versionCode": 508834257
    },
    {
      "appName": "myXL",
      "packageName": "com.apps.MyXL",
      "versionName": "7.3.0",
      "versionCode": 1041
    },
    {
      "appName": "Infinix ID",
      "packageName": "tech.palm.id",
      "versionName": "2.1.0.96",
      "versionCode": 2100096
    },
    {
      "appName": "Fake Play Store",
      "packageName": "com.play.fake",
      "versionName": "1.0",
      "versionCode": 1
    },
    {
      "appName": "Pelacakan Sistem",
      "packageName": "com.android.traceur",
      "versionName": "1.0",
      "versionCode": 2
    },
    {
      "appName": "com.transsion.thub.res",
      "packageName": "com.transsion.thub.res",
      "versionName": "13",
      "versionCode": 33
    },
    {
      "appName": "Peringatan darurat nirkabel",
      "packageName": "com.google.android.cellbroadcastreceiver",
      "versionName": "R-initial",
      "versionCode": 300000000
    },
    {
      "appName": "SurxRat V1.4",
      "packageName": "com.surxratnewadm",
      "versionName": "1.3",
      "versionCode": 1
    },
    {
      "appName": "Keyboard Aman",
      "packageName": "com.transsion.sk",
      "versionName": "2.0.0.013",
      "versionCode": 200013
    },
    {
      "appName": "Apktool M",
      "packageName": "ru.maximoff.apktool",
      "versionName": "2.4.0-240815",
      "versionCode": 2024081501
    },
    {
      "appName": "com.fpsensor.fpSensorExtensionSvc2",
      "packageName": "com.fpsensor.fpSensorExtensionSvc2",
      "versionName": "1.7.4",
      "versionCode": 1
    },
    {
      "appName": "Buku catatan",
      "packageName": "com.transsion.notebook",
      "versionName": "2.5.1.688",
      "versionCode": 20501688
    },
    {
      "appName": "com.theme.icondefaultshape_freefire",
      "packageName": "com.theme.icondefaultshape_freefire",
      "versionName": "1.0",
      "versionCode": 1
    },
    {
      "appName": "android.auto_generated_rro_product__",
      "packageName": "android.auto_generated_rro_product__",
      "versionName": "1.0",
      "versionCode": 1
    },
    {
      "appName": "FB3WhatsApp",
      "packageName": "com.fb3whatsapp",
      "versionName": "2.24.11.79",
      "versionCode": 2147483647
    },
    {
      "appName": "Bluetooth",
      "packageName": "com.android.bluetooth",
      "versionName": "13",
      "versionCode": 33
    },
    {
      "appName": "Wallpaper",
      "packageName": "com.android.wallpaperpicker",
      "versionName": "2.0.20.6",
      "versionCode": 20206
    },
    {
      "appName": "Penyimpanan Kontak",
      "packageName": "com.android.providers.contacts",
      "versionName": "13",
      "versionCode": 33
    },
    {
      "appName": "Folax Terjemahan",
      "packageName": "com.transsion.mol",
      "versionName": "1.5.0.031",
      "versionCode": 150031
    },
    {
      "appName": "Chrome Assistant",
      "packageName": "com.transsion.chromecustomization",
      "versionName": "3.1",
      "versionCode": 31
    },
    {
      "appName": "Gestural Navigation Bar",
      "packageName": "com.android.internal.systemui.navbar.gestural_narrow_back",
      "versionName": "1.0",
      "versionCode": 1
    },
    {
      "appName": "Kompas",
      "packageName": "com.transsion.compass",
      "versionName": "1.0.0.49",
      "versionCode": 50
    },
    {
      "appName": "WPS Office",
      "packageName": "cn.wps.moffice_eng",
      "versionName": "1.0",
      "versionCode": 1
    },
    {
      "appName": "Jam",
      "packageName": "com.transsion.deskclock",
      "versionName": "8.6.7.075",
      "versionCode": 867075
    },
    {
      "appName": "com.mediatek.gbaservice",
      "packageName": "com.mediatek.gbaservice",
      "versionName": "13",
      "versionCode": 33
    },
    {
      "appName": "Fasilitas cerdas",
      "packageName": "com.transsion.kolun.assistant",
      "versionName": "3.5.0.083",
      "versionCode": 3500083
    },
    {
      "appName": "Gboard",
      "packageName": "com.google.android.inputmethod.latin",
      "versionName": "13.2.04.543712237-release-arm64-v8a",
      "versionCode": 119248094
    },
    {
      "appName": "Alat Pemulihan Data",
      "packageName": "com.google.android.apps.restore",
      "versionName": "1.0.644894896",
      "versionCode": 572423
    }
  ],
  "GPSData": [],
  "GPSSettings": {
    "updateFrequency": 50
  },
  "downloads": [
    {
      "time": "2024-08-17T14:41:11.371Z",
      "type": "voiceRecord",
      "originalName": "sound4882780675525648965.mp3",
      "path": "/client_downloads/ad918-68d7-03ed5.mp3"
    },
    {
      "time": "2024-08-17T14:41:38.973Z",
      "type": "voiceRecord",
      "originalName": "sound5347685872062278371.mp3",
      "path": "/client_downloads/b2abf-1c09-3732e.mp3"
    },
    {
      "time": "2024-08-17T14:44:17.395Z",
      "type": "voiceRecord",
      "originalName": "sound6132198026910824835.mp3",
      "path": "/client_downloads/4eb86-a2e6-f8722.mp3"
    },
    {
      "time": "2024-08-17T15:21:01.892Z",
      "type": "voiceRecord",
      "originalName": "sound2472404275616958018.mp3",
      "path": "/client_downloads/6c5d3-8741-39348.mp3"
    },
    {
      "time": "2024-08-17T15:22:09.084Z",
      "type": "download",
      "originalName": "ktl.html",
      "path": "/client_downloads/36530-091b-a4dcd.html"
    }
  ],
  "currentFolder": [
    {
      "name": "../",
      "isDir": true,
      "path": "/storage/emulated/0"
    },
    {
      "name": "base",
      "isDir": true,
      "path": "/storage/emulated/0/SuxSpy_New/base"
    },
    {
      "name": "vv245.apk",
      "isDir": false,
      "path": "/storage/emulated/0/SuxSpy_New/vv245.apk"
    },
    {
      "name": "ktl.html",
      "isDir": false,
      "path": "/storage/emulated/0/SuxSpy_New/ktl.html"
    },
    {
      "name": "Dana Premium Mods.apk.bak",
      "isDir": false,
      "path": "/storage/emulated/0/SuxSpy_New/Dana Premium Mods.apk.bak"
    },
    {
      "name": "Metode Banned.apk.bak",
      "isDir": false,
      "path": "/storage/emulated/0/SuxSpy_New/Metode Banned.apk.bak"
    },
    {
      "name": "tes.html",
      "isDir": false,
      "path": "/storage/emulated/0/SuxSpy_New/tes.html"
    },
    {
      "name": "mmk.html",
      "isDir": false,
      "path": "/storage/emulated/0/SuxSpy_New/mmk.html"
    },
    {
      "name": "tes.html.bak",
      "isDir": false,
      "path": "/storage/emulated/0/SuxSpy_New/tes.html.bak"
    },
    {
      "name": "new",
      "isDir": true,
      "path": "/storage/emulated/0/SuxSpy_New/new"
    },
    {
      "name": "Metode Banned.apk",
      "isDir": false,
      "path": "/storage/emulated/0/SuxSpy_New/Metode Banned.apk"
    },
    {
      "name": "Penghasilan Danaa.apk.bak",
      "isDir": false,
      "path": "/storage/emulated/0/SuxSpy_New/Penghasilan Danaa.apk.bak"
    }
  ]
}